"caminho","tipo","objetivo","disciplina","assunto","onda","mvp","acao","prioridade"
"storage/content/leis/codigo-etica-oab/artigos.json","lei/legislação","OAB","Ética Profissional","","onda 1 ou 2","sim","planejar importacao/conexao","Urgente"
"storage/content/leis/codigo-etica-oab/meta.json","lei/legislação","OAB","Ética Profissional","","onda 1 ou 2","sim","planejar importacao/conexao","Urgente"
"storage/content/leis/codigo-etica-oab/texto.txt","lei/legislação","OAB","Ética Profissional","","onda 1 ou 2","sim","planejar importacao/conexao","Urgente"
"storage/content/leis/estatuto-oab/artigos.json","lei/legislação","OAB","Ética Profissional","","onda 1 ou 2","sim","planejar importacao/conexao","Urgente"
"storage/content/leis/estatuto-oab/meta.json","lei/legislação","OAB","Ética Profissional","","onda 1 ou 2","sim","planejar importacao/conexao","Urgente"
"storage/content/leis/estatuto-oab/texto.txt","lei/legislação","OAB","Ética Profissional","","onda 1 ou 2","sim","planejar importacao/conexao","Urgente"
"storage/content/leis/regulamento-oab/artigos.json","lei/legislação","OAB","Ética Profissional","","onda 1 ou 2","sim","planejar importacao/conexao","Urgente"
"storage/content/leis/regulamento-oab/meta.json","lei/legislação","OAB","Ética Profissional","","onda 1 ou 2","sim","planejar importacao/conexao","Urgente"
"storage/content/leis/regulamento-oab/texto.txt","lei/legislação","OAB","Ética Profissional","","onda 1 ou 2","sim","planejar importacao/conexao","Urgente"
"storage/content/militar/pcam-delegado-2021-fgv/questoes/questoes-extraidas.json","banco de questões","Polícia Civil","Direito Constitucional","","onda 1 ou 2","avaliar","planejar importacao/conexao","Alta"
"storage/content/militar/pcrj-inspetor-2021-fgv/questoes/questoes-extraidas.json","banco de questões","Polícia Civil","Língua Portuguesa","","onda 1 ou 2","avaliar","planejar importacao/conexao","Alta"
"storage/content/militar/pcrj-investigador-2021-fgv/questoes/questoes-extraidas.json","banco de questões","Polícia Civil","Língua Portuguesa","","onda 1 ou 2","avaliar","planejar importacao/conexao","Alta"
"storage/content/militar/pcrn-delegado-2021-fgv/questoes/questoes-extraidas.json","banco de questões","Polícia Civil","Direito Constitucional","","onda 1 ou 2","avaliar","planejar importacao/conexao","Alta"
"storage/content/militar/pcsc-delegado-2024-fgv/questoes/questoes-extraidas.json","banco de questões","Polícia Civil","Língua Portuguesa","","onda 1 ou 2","avaliar","planejar importacao/conexao","Alta"
"storage/content/militar/pm-ba-soldado-2023-fcc/questoes/questoes-extraidas.json","banco de questões","Polícia Militar","Língua Portuguesa","","onda 1 ou 2","sim","planejar importacao/conexao","Alta"
"storage/content/militar/pm-pb-soldado-pm-combatente-2023-ibfc/questoes/questoes-extraidas.json","banco de questões","Polícia Militar","Língua Portuguesa","","onda 1 ou 2","sim","planejar importacao/conexao","Alta"
"storage/content/militar/pm-se-soldado-pm-3a-classe-combatente-2025-selecon/questoes/questoes-extraidas.json","banco de questões","Polícia Militar","Língua Portuguesa","","onda 1 ou 2","sim","planejar importacao/conexao","Alta"
"storage/content/militar/pmac-oficial-combatente-2023-fgv/questoes/questoes-extraidas.json","banco de questões","Polícia Militar","Língua Portuguesa","","onda 1 ou 2","sim","planejar importacao/conexao","Alta"
"storage/content/militar/pmam-oficial-2021-fgv/questoes/questoes-extraidas.json","banco de questões","Polícia Militar","Língua Portuguesa","","onda 1 ou 2","sim","planejar importacao/conexao","Alta"
"storage/content/militar/pmam-soldado-2021-fgv/questoes/questoes-extraidas.json","banco de questões","Polícia Militar","Língua Portuguesa","","onda 1 ou 2","sim","planejar importacao/conexao","Alta"
"storage/content/militar/pmce-soldado-2021-fgv/questoes/questoes-extraidas.json","banco de questões","Polícia Militar","Língua Portuguesa","","onda 1 ou 2","sim","planejar importacao/conexao","Alta"
"storage/content/militar/pmerj-cfo-2021-fgv/questoes/questoes-extraidas.json","banco de questões","Polícia Militar","Direito Administrativo","","onda 1 ou 2","sim","planejar importacao/conexao","Alta"
"storage/content/militar/pmesp-cabo-2022-fgv-local/questoes/questoes-extraidas.json","banco de questões","Polícia Militar","Língua Portuguesa","","onda 1 ou 2","sim","planejar importacao/conexao","Alta"
"storage/content/militar/pmesp-sargento-2024-fgv/questoes/questoes-extraidas.json","banco de questões","Polícia Militar","Língua Portuguesa","","onda 1 ou 2","sim","planejar importacao/conexao","Alta"
"storage/content/militar/pmma-soldado-do-quadro-de-praca-policial-2017-cebraspe/gabaritos/pmma-soldado-do-quadro-de-praca-policial-2017-cebraspe-gabarito-definitivo.pdf","gabarito/padrão de resposta","Polícia Militar","Legislação Institucional PMMA","","onda 1 ou 2","sim","planejar importacao/conexao","Alta"
"storage/content/militar/pmma-soldado-do-quadro-de-praca-policial-2017-cebraspe/metadata.json","container pedagógico","Polícia Militar","Legislação Institucional PMMA","","onda 1 ou 2","sim","planejar importacao/conexao","Alta"
"storage/content/militar/pmma-soldado-do-quadro-de-praca-policial-2017-cebraspe/provas/pmma-soldado-do-quadro-de-praca-policial-2017-cebraspe-prova.pdf","prova PDF","Polícia Militar","Legislação Institucional PMMA","","onda 1 ou 2","sim","planejar importacao/conexao","Alta"
"storage/content/militar/pmma-soldado-do-quadro-de-praca-policial-2017-cebraspe/questoes/questoes-extraidas.json","banco de questões","Polícia Militar","Legislação Institucional PMMA","","onda 1 ou 2","sim","planejar importacao/conexao","Alta"
"storage/content/militar/pmpb-cfo-2022-fgv/questoes/questoes-extraidas.json","banco de questões","Polícia Militar","Língua Portuguesa","","onda 1 ou 2","sim","planejar importacao/conexao","Alta"
"storage/content/militar/pmpi-soldado-pm-2017-nucepe-uespi/questoes/questoes-extraidas.json","banco de questões","Polícia Militar","Língua Portuguesa","","onda 1 ou 2","sim","planejar importacao/conexao","Alta"
"storage/content/militar/pmsp-cabo-pm-2022-fgv/questoes/questoes-extraidas.json","banco de questões","Polícia Militar","Língua Portuguesa","","onda 1 ou 2","sim","planejar importacao/conexao","Alta"
"storage/content/militar/pmsp-soldado-2017-vunesp/questoes/questoes-extraidas.json","banco de questões","Polícia Militar","Língua Portuguesa","","onda 1 ou 2","sim","planejar importacao/conexao","Alta"
"storage/content/militar/pmsp-soldado-2023-vunesp/questoes/questoes-extraidas.json","banco de questões","Polícia Militar","Língua Portuguesa","","onda 1 ou 2","sim","planejar importacao/conexao","Alta"
"storage/content/militar/pmsp-soldado-2024-fgv/questoes/questoes-extraidas.json","banco de questões","Polícia Militar","Língua Portuguesa","","onda 1 ou 2","sim","planejar importacao/conexao","Alta"
"storage/content/militar/pmsp-soldado-2025-fgv/questoes/questoes-extraidas.json","banco de questões","Polícia Militar","Língua Portuguesa","","onda 1 ou 2","sim","planejar importacao/conexao","Alta"
"storage/content/militar/pmto-quadro-de-pracas-da-policia-militar-2025-fgv/questoes/questoes-extraidas.json","banco de questões","Polícia Militar","Língua Portuguesa","","onda 1 ou 2","sim","planejar importacao/conexao","Alta"
"storage/content/oab/15-exame/provas/caderno-de-provas-direito-administrativo-19vvnu.pdf","prova PDF","OAB","Direito Administrativo","","onda 1 ou 2","sim","planejar importacao/conexao","Alta"
"storage/content/oab/15-exame/provas/caderno-de-provas-direito-constitucional-15wc24.pdf","prova PDF","OAB","Direito Constitucional","","onda 1 ou 2","sim","planejar importacao/conexao","Alta"
"storage/content/oab/15-exame/provas/caderno-de-provas-direito-empresarial-1yw2i4.pdf","prova PDF","OAB","Direito Empresarial","","onda 1 ou 2","sim","planejar importacao/conexao","Alta"
"storage/content/oab/15-exame/provas/caderno-de-provas-direito-penal-1f7tn6.pdf","prova PDF","OAB","Direito Penal","","onda 1 ou 2","sim","planejar importacao/conexao","Alta"
"storage/content/oab/15-exame/provas/caderno-de-provas-direito-tributario-uumxfr.pdf","prova PDF","OAB","Direito Tributário","","onda 1 ou 2","sim","planejar importacao/conexao","Alta"
"storage/content/oab/16-exame/provas/caderno-de-provas-direito-administrativo-edxrv4.pdf","prova PDF","OAB","Direito Administrativo","","onda 1 ou 2","sim","planejar importacao/conexao","Alta"
"storage/content/oab/16-exame/provas/caderno-de-provas-direito-constitucional-rawx81.pdf","prova PDF","OAB","Direito Constitucional","","onda 1 ou 2","sim","planejar importacao/conexao","Alta"
"storage/content/oab/16-exame/provas/caderno-de-provas-direito-empresarial-st7h0d.pdf","prova PDF","OAB","Direito Empresarial","","onda 1 ou 2","sim","planejar importacao/conexao","Alta"
"storage/content/oab/16-exame/provas/caderno-de-provas-direito-penal-1n7nnc.pdf","prova PDF","OAB","Direito Penal","","onda 1 ou 2","sim","planejar importacao/conexao","Alta"
"storage/content/oab/16-exame/provas/caderno-de-provas-direito-tributario-1lodof.pdf","prova PDF","OAB","Direito Tributário","","onda 1 ou 2","sim","planejar importacao/conexao","Alta"
"storage/content/oab/16-exame/questoes/questoes-extraidas.json","banco de questões","OAB","Ética Profissional","16o Exame OAB - Questao 1","onda 1 ou 2","sim","planejar importacao/conexao","Alta"
"storage/content/oab/17-exame/provas/caderno-de-provas-direito-administrativo-p4q5jm.pdf","prova PDF","OAB","Direito Administrativo","","onda 1 ou 2","sim","planejar importacao/conexao","Alta"
"storage/content/oab/17-exame/provas/caderno-de-provas-direito-constitucional-aoi9pq.pdf","prova PDF","OAB","Direito Constitucional","","onda 1 ou 2","sim","planejar importacao/conexao","Alta"
"storage/content/oab/17-exame/provas/caderno-de-provas-direito-empresarial-vxp9dg.pdf","prova PDF","OAB","Direito Empresarial","","onda 1 ou 2","sim","planejar importacao/conexao","Alta"
"storage/content/oab/17-exame/provas/caderno-de-provas-direito-penal-l3b60i.pdf","prova PDF","OAB","Direito Penal","","onda 1 ou 2","sim","planejar importacao/conexao","Alta"
"storage/content/oab/17-exame/provas/caderno-de-provas-direito-tributario-wdtyaj.pdf","prova PDF","OAB","Direito Tributário","","onda 1 ou 2","sim","planejar importacao/conexao","Alta"
"storage/content/oab/17-exame/questoes/questoes-extraidas.json","banco de questões","OAB","Ética Profissional","17o Exame OAB - Questao 1","onda 1 ou 2","sim","planejar importacao/conexao","Alta"
"storage/content/oab/18-exame/provas/caderno-de-provas-direito-administrativo-15ofpz.pdf","prova PDF","OAB","Direito Administrativo","","onda 1 ou 2","sim","planejar importacao/conexao","Alta"
"storage/content/oab/18-exame/provas/caderno-de-provas-direito-constitucional-h1cqu7.pdf","prova PDF","OAB","Direito Constitucional","","onda 1 ou 2","sim","planejar importacao/conexao","Alta"
"storage/content/oab/18-exame/provas/caderno-de-provas-direito-empresarial-1ys78g.pdf","prova PDF","OAB","Direito Empresarial","","onda 1 ou 2","sim","planejar importacao/conexao","Alta"
"storage/content/oab/18-exame/provas/caderno-de-provas-direito-penal-1mai88.pdf","prova PDF","OAB","Direito Penal","","onda 1 ou 2","sim","planejar importacao/conexao","Alta"
"storage/content/oab/18-exame/provas/caderno-de-provas-direito-tributario-y8p7mx.pdf","prova PDF","OAB","Direito Tributário","","onda 1 ou 2","sim","planejar importacao/conexao","Alta"
"storage/content/oab/18-exame/questoes/questoes-extraidas.json","banco de questões","OAB","Ética Profissional","18o Exame OAB - Questao 1","onda 1 ou 2","sim","planejar importacao/conexao","Alta"
"storage/content/oab/19-exame/provas/caderno-de-provas-direito-administrativo-1uxypj.pdf","prova PDF","OAB","Direito Administrativo","","onda 1 ou 2","sim","planejar importacao/conexao","Alta"
"storage/content/oab/19-exame/provas/caderno-de-provas-direito-constitucional-o9zw1g.pdf","prova PDF","OAB","Direito Constitucional","","onda 1 ou 2","sim","planejar importacao/conexao","Alta"
"storage/content/oab/19-exame/provas/caderno-de-provas-direito-empresarial-1jb92v.pdf","prova PDF","OAB","Direito Empresarial","","onda 1 ou 2","sim","planejar importacao/conexao","Alta"
"storage/content/oab/19-exame/provas/caderno-de-provas-direito-penal-q68kux.pdf","prova PDF","OAB","Direito Penal","","onda 1 ou 2","sim","planejar importacao/conexao","Alta"
"storage/content/oab/19-exame/provas/caderno-de-provas-direito-tributario-dm88p5.pdf","prova PDF","OAB","Direito Tributário","","onda 1 ou 2","sim","planejar importacao/conexao","Alta"
"storage/content/oab/19-exame/questoes/questoes-extraidas.json","banco de questões","OAB","Ética Profissional","19o Exame OAB - Questao 1","onda 1 ou 2","sim","planejar importacao/conexao","Alta"
"storage/content/oab/20-exame/provas/caderno-de-provas-direito-administrativo-1vqru8.pdf","prova PDF","OAB","Direito Administrativo","","onda 1 ou 2","sim","planejar importacao/conexao","Alta"
"storage/content/oab/20-exame/provas/caderno-de-provas-direito-administrativo-reaplicacao-porto-velho-ro-1ghgn2.pdf","prova PDF","OAB","Direito Administrativo","","onda 1 ou 2","sim","planejar importacao/conexao","Alta"
"storage/content/oab/20-exame/provas/caderno-de-provas-direito-constitucional-reaplicacao-porto-velho-ro-10ewfi.pdf","prova PDF","OAB","Direito Constitucional","","onda 1 ou 2","sim","planejar importacao/conexao","Alta"
"storage/content/oab/20-exame/provas/caderno-de-provas-direito-constitucional-viwa5u.pdf","prova PDF","OAB","Direito Constitucional","","onda 1 ou 2","sim","planejar importacao/conexao","Alta"
"storage/content/oab/20-exame/provas/caderno-de-provas-direito-empresarial-4rlub2.pdf","prova PDF","OAB","Direito Empresarial","","onda 1 ou 2","sim","planejar importacao/conexao","Alta"
"storage/content/oab/20-exame/provas/caderno-de-provas-direito-empresarial-reaplicacao-porto-velho-ro-shohmj.pdf","prova PDF","OAB","Direito Empresarial","","onda 1 ou 2","sim","planejar importacao/conexao","Alta"
"storage/content/oab/20-exame/provas/caderno-de-provas-direito-penal-oef0i.pdf","prova PDF","OAB","Direito Penal","","onda 1 ou 2","sim","planejar importacao/conexao","Alta"
"storage/content/oab/20-exame/provas/caderno-de-provas-direito-penal-reaplicacao-porto-velho-ro-1v4qt4.pdf","prova PDF","OAB","Direito Penal","","onda 1 ou 2","sim","planejar importacao/conexao","Alta"
"storage/content/oab/20-exame/provas/caderno-de-provas-direito-tributario-1rnh5z.pdf","prova PDF","OAB","Direito Tributário","","onda 1 ou 2","sim","planejar importacao/conexao","Alta"
"storage/content/oab/20-exame/provas/caderno-de-provas-direito-tributario-reaplicacao-porto-velho-ro-sak8p5.pdf","prova PDF","OAB","Direito Tributário","","onda 1 ou 2","sim","planejar importacao/conexao","Alta"
"storage/content/oab/20-exame/questoes/questoes-extraidas.json","banco de questões","OAB","Ética Profissional","20o Exame OAB - Questao 1","onda 1 ou 2","sim","planejar importacao/conexao","Alta"
"storage/content/oab/2010-2-exame/provas/caderno-de-prova-direito-administrativo-1ws6qe.pdf","prova PDF","OAB","Direito Administrativo","","onda 1 ou 2","sim","planejar importacao/conexao","Alta"
"storage/content/oab/2010-2-exame/provas/caderno-de-prova-direito-constitucional-1lxr7l.pdf","prova PDF","OAB","Direito Constitucional","","onda 1 ou 2","sim","planejar importacao/conexao","Alta"
"storage/content/oab/2010-2-exame/provas/caderno-de-prova-direito-empresarial-1ptnu8.pdf","prova PDF","OAB","Direito Empresarial","","onda 1 ou 2","sim","planejar importacao/conexao","Alta"
"storage/content/oab/2010-2-exame/provas/caderno-de-prova-direito-penal-10c8zo.pdf","prova PDF","OAB","Direito Penal","","onda 1 ou 2","sim","planejar importacao/conexao","Alta"
"storage/content/oab/2010-2-exame/provas/caderno-de-prova-direito-tributario-1nxefc.pdf","prova PDF","OAB","Direito Tributário","","onda 1 ou 2","sim","planejar importacao/conexao","Alta"
"storage/content/oab/2010-2-exame/questoes/questoes-extraidas.json","banco de questões","OAB","Ética Profissional","2010-2o Exame OAB - Questao 1","onda 1 ou 2","sim","planejar importacao/conexao","Alta"
"storage/content/oab/21-exame/provas/caderno-de-provas-direito-administrativo-s0c6e9.pdf","prova PDF","OAB","Direito Administrativo","","onda 1 ou 2","sim","planejar importacao/conexao","Alta"
"storage/content/oab/21-exame/provas/caderno-de-provas-direito-constitucional-16hlwp.pdf","prova PDF","OAB","Direito Constitucional","","onda 1 ou 2","sim","planejar importacao/conexao","Alta"
"storage/content/oab/21-exame/provas/caderno-de-provas-direito-empresarial-1423pp.pdf","prova PDF","OAB","Direito Empresarial","","onda 1 ou 2","sim","planejar importacao/conexao","Alta"
"storage/content/oab/21-exame/provas/caderno-de-provas-direito-penal-j5l4cg.pdf","prova PDF","OAB","Direito Penal","","onda 1 ou 2","sim","planejar importacao/conexao","Alta"
"storage/content/oab/21-exame/provas/caderno-de-provas-direito-tributario-yctc4.pdf","prova PDF","OAB","Direito Tributário","","onda 1 ou 2","sim","planejar importacao/conexao","Alta"
"storage/content/oab/21-exame/questoes/questoes-extraidas.json","banco de questões","OAB","Ética Profissional","21o Exame OAB - Questao 1","onda 1 ou 2","sim","planejar importacao/conexao","Alta"
"storage/content/oab/22-exame/provas/caderno-de-provas-direito-administrativo-191tz4.pdf","prova PDF","OAB","Direito Administrativo","","onda 1 ou 2","sim","planejar importacao/conexao","Alta"
"storage/content/oab/22-exame/provas/caderno-de-provas-direito-constitucional-1sjbr2.pdf","prova PDF","OAB","Direito Constitucional","","onda 1 ou 2","sim","planejar importacao/conexao","Alta"
"storage/content/oab/22-exame/provas/caderno-de-provas-direito-empresarial-fmwp31.pdf","prova PDF","OAB","Direito Empresarial","","onda 1 ou 2","sim","planejar importacao/conexao","Alta"
"storage/content/oab/22-exame/provas/caderno-de-provas-direito-penal-gu1b5q.pdf","prova PDF","OAB","Direito Penal","","onda 1 ou 2","sim","planejar importacao/conexao","Alta"
"storage/content/oab/22-exame/provas/caderno-de-provas-direito-tributario-1x570d.pdf","prova PDF","OAB","Direito Tributário","","onda 1 ou 2","sim","planejar importacao/conexao","Alta"
"storage/content/oab/22-exame/questoes/questoes-extraidas.json","banco de questões","OAB","Ética Profissional","22o Exame OAB - Questao 1","onda 1 ou 2","sim","planejar importacao/conexao","Alta"
"storage/content/oab/23-exame/provas/caderno-de-provas-direito-administrativo-y6jdmh.pdf","prova PDF","OAB","Direito Administrativo","","onda 1 ou 2","sim","planejar importacao/conexao","Alta"
"storage/content/oab/23-exame/provas/caderno-de-provas-direito-constitucional-1fuojd.pdf","prova PDF","OAB","Direito Constitucional","","onda 1 ou 2","sim","planejar importacao/conexao","Alta"
"storage/content/oab/23-exame/provas/caderno-de-provas-direito-empresarial-vbdzef.pdf","prova PDF","OAB","Direito Empresarial","","onda 1 ou 2","sim","planejar importacao/conexao","Alta"
"storage/content/oab/23-exame/provas/caderno-de-provas-direito-penal-ahpwjf.pdf","prova PDF","OAB","Direito Penal","","onda 1 ou 2","sim","planejar importacao/conexao","Alta"
"storage/content/oab/23-exame/provas/caderno-de-provas-direito-tributario-1sr5xa.pdf","prova PDF","OAB","Direito Tributário","","onda 1 ou 2","sim","planejar importacao/conexao","Alta"
"storage/content/oab/23-exame/questoes/questoes-extraidas.json","banco de questões","OAB","Ética Profissional","23o Exame OAB - Questao 1","onda 1 ou 2","sim","planejar importacao/conexao","Alta"
"storage/content/oab/24-exame/provas/caderno-de-provas-direito-administrativo-5ubhw.pdf","prova PDF","OAB","Direito Administrativo","","onda 1 ou 2","sim","planejar importacao/conexao","Alta"
"storage/content/oab/24-exame/provas/caderno-de-provas-direito-constitucional-n0zgmw.pdf","prova PDF","OAB","Direito Constitucional","","onda 1 ou 2","sim","planejar importacao/conexao","Alta"
"storage/content/oab/24-exame/provas/caderno-de-provas-direito-empresarial-iz0gam.pdf","prova PDF","OAB","Direito Empresarial","","onda 1 ou 2","sim","planejar importacao/conexao","Alta"
"storage/content/oab/24-exame/provas/caderno-de-provas-direito-penal-g2zlgb.pdf","prova PDF","OAB","Direito Penal","","onda 1 ou 2","sim","planejar importacao/conexao","Alta"
"storage/content/oab/24-exame/provas/caderno-de-provas-direito-tributario-tmwwol.pdf","prova PDF","OAB","Direito Tributário","","onda 1 ou 2","sim","planejar importacao/conexao","Alta"
"storage/content/oab/24-exame/questoes/questoes-extraidas.json","banco de questões","OAB","Ética Profissional","24o Exame OAB - Questao 1","onda 1 ou 2","sim","planejar importacao/conexao","Alta"
"storage/content/oab/25-exame/provas/caderno-de-provas-direito-administrativo-dj21d2.pdf","prova PDF","OAB","Direito Administrativo","","onda 1 ou 2","sim","planejar importacao/conexao","Alta"
"storage/content/oab/25-exame/provas/caderno-de-provas-direito-administrativo-porto-alegre-rs-10826q.pdf","prova PDF","OAB","Direito Administrativo","","onda 1 ou 2","sim","planejar importacao/conexao","Alta"
"storage/content/oab/25-exame/provas/caderno-de-provas-direito-constitucional-1yv27n.pdf","prova PDF","OAB","Direito Constitucional","","onda 1 ou 2","sim","planejar importacao/conexao","Alta"
"storage/content/oab/25-exame/provas/caderno-de-provas-direito-constitucional-porto-alegre-rs-lj1fuj.pdf","prova PDF","OAB","Direito Constitucional","","onda 1 ou 2","sim","planejar importacao/conexao","Alta"
"storage/content/oab/25-exame/provas/caderno-de-provas-direito-empresarial-14yoar.pdf","prova PDF","OAB","Direito Empresarial","","onda 1 ou 2","sim","planejar importacao/conexao","Alta"
"storage/content/oab/25-exame/provas/caderno-de-provas-direito-empresarial-porto-alegre-rs-4qsfvz.pdf","prova PDF","OAB","Direito Empresarial","","onda 1 ou 2","sim","planejar importacao/conexao","Alta"
"storage/content/oab/25-exame/provas/caderno-de-provas-direito-penal-1kq6ok.pdf","prova PDF","OAB","Direito Penal","","onda 1 ou 2","sim","planejar importacao/conexao","Alta"
"storage/content/oab/25-exame/provas/caderno-de-provas-direito-penal-porto-alegre-rs-i3r0q9.pdf","prova PDF","OAB","Direito Penal","","onda 1 ou 2","sim","planejar importacao/conexao","Alta"
"storage/content/oab/25-exame/provas/caderno-de-provas-direito-tributario-1hjvkm.pdf","prova PDF","OAB","Direito Tributário","","onda 1 ou 2","sim","planejar importacao/conexao","Alta"
"storage/content/oab/25-exame/provas/caderno-de-provas-direito-tributario-porto-alegre-rs-1jgoh7.pdf","prova PDF","OAB","Direito Tributário","","onda 1 ou 2","sim","planejar importacao/conexao","Alta"
"storage/content/oab/25-exame/questoes/questoes-extraidas.json","banco de questões","OAB","Ética Profissional","25o Exame OAB - Questao 1","onda 1 ou 2","sim","planejar importacao/conexao","Alta"
"storage/content/oab/26-exame/provas/caderno-de-provas-direito-administrativo-1s4jjy.pdf","prova PDF","OAB","Direito Administrativo","","onda 1 ou 2","sim","planejar importacao/conexao","Alta"
"storage/content/oab/26-exame/provas/caderno-de-provas-direito-constitucional-5rajdq.pdf","prova PDF","OAB","Direito Constitucional","","onda 1 ou 2","sim","planejar importacao/conexao","Alta"
"storage/content/oab/26-exame/provas/caderno-de-provas-direito-empresarial-1knu8b.pdf","prova PDF","OAB","Direito Empresarial","","onda 1 ou 2","sim","planejar importacao/conexao","Alta"
"storage/content/oab/26-exame/provas/caderno-de-provas-direito-penal-q3hxlz.pdf","prova PDF","OAB","Direito Penal","","onda 1 ou 2","sim","planejar importacao/conexao","Alta"
"storage/content/oab/26-exame/provas/caderno-de-provas-direito-tributario-i6gfn5.pdf","prova PDF","OAB","Direito Tributário","","onda 1 ou 2","sim","planejar importacao/conexao","Alta"
"storage/content/oab/26-exame/questoes/questoes-extraidas.json","banco de questões","OAB","Ética Profissional","26o Exame OAB - Questao 1","onda 1 ou 2","sim","planejar importacao/conexao","Alta"
"storage/content/oab/27-exame/provas/caderno-de-provas-direito-administrativo-1yux7c.pdf","prova PDF","OAB","Direito Administrativo","","onda 1 ou 2","sim","planejar importacao/conexao","Alta"
"storage/content/oab/27-exame/provas/caderno-de-provas-direito-constitucional-1mdcos.pdf","prova PDF","OAB","Direito Constitucional","","onda 1 ou 2","sim","planejar importacao/conexao","Alta"
"storage/content/oab/27-exame/provas/caderno-de-provas-direito-empresarial-6uvocn.pdf","prova PDF","OAB","Direito Empresarial","","onda 1 ou 2","sim","planejar importacao/conexao","Alta"
"storage/content/oab/27-exame/provas/caderno-de-provas-direito-penal-zvkr8.pdf","prova PDF","OAB","Direito Penal","","onda 1 ou 2","sim","planejar importacao/conexao","Alta"
"storage/content/oab/27-exame/provas/caderno-de-provas-direito-tributario-18qc4f.pdf","prova PDF","OAB","Direito Tributário","","onda 1 ou 2","sim","planejar importacao/conexao","Alta"
"storage/content/oab/27-exame/questoes/questoes-extraidas.json","banco de questões","OAB","Ética Profissional","27o Exame OAB - Questao 1","onda 1 ou 2","sim","planejar importacao/conexao","Alta"
"storage/content/oab/28-exame/provas/caderno-de-provas-direito-administrativo-9zp750.pdf","prova PDF","OAB","Direito Administrativo","","onda 1 ou 2","sim","planejar importacao/conexao","Alta"
"storage/content/oab/28-exame/provas/caderno-de-provas-direito-constitucional-1yx6il.pdf","prova PDF","OAB","Direito Constitucional","","onda 1 ou 2","sim","planejar importacao/conexao","Alta"
"storage/content/oab/28-exame/provas/caderno-de-provas-direito-empresarial-1n2l2q.pdf","prova PDF","OAB","Direito Empresarial","","onda 1 ou 2","sim","planejar importacao/conexao","Alta"
"storage/content/oab/28-exame/provas/caderno-de-provas-direito-penal-8yd7j7.pdf","prova PDF","OAB","Direito Penal","","onda 1 ou 2","sim","planejar importacao/conexao","Alta"
"storage/content/oab/28-exame/provas/caderno-de-provas-direito-tributario-1uktuz.pdf","prova PDF","OAB","Direito Tributário","","onda 1 ou 2","sim","planejar importacao/conexao","Alta"
"storage/content/oab/28-exame/questoes/questoes-extraidas.json","banco de questões","OAB","Ética Profissional","28o Exame OAB - Questao 1","onda 1 ou 2","sim","planejar importacao/conexao","Alta"
"storage/content/oab/29-exame/provas/caderno-de-provas-direito-administrativo-3ng1vl.pdf","prova PDF","OAB","Direito Administrativo","","onda 1 ou 2","sim","planejar importacao/conexao","Alta"
"storage/content/oab/29-exame/provas/caderno-de-provas-direito-constitucional-1lceft.pdf","prova PDF","OAB","Direito Constitucional","","onda 1 ou 2","sim","planejar importacao/conexao","Alta"
"storage/content/oab/29-exame/provas/caderno-de-provas-direito-empresarial-v7rzq9.pdf","prova PDF","OAB","Direito Empresarial","","onda 1 ou 2","sim","planejar importacao/conexao","Alta"
"storage/content/oab/29-exame/provas/caderno-de-provas-direito-penal-1au4t8.pdf","prova PDF","OAB","Direito Penal","","onda 1 ou 2","sim","planejar importacao/conexao","Alta"
"storage/content/oab/29-exame/provas/caderno-de-provas-direito-tributario-f8b41f.pdf","prova PDF","OAB","Direito Tributário","","onda 1 ou 2","sim","planejar importacao/conexao","Alta"
"storage/content/oab/29-exame/questoes/questoes-extraidas.json","banco de questões","OAB","Ética Profissional","29o Exame OAB - Questao 1","onda 1 ou 2","sim","planejar importacao/conexao","Alta"
"storage/content/oab/30-exame/provas/caderno-de-provas-direito-administrativo-1vyk4e.pdf","prova PDF","OAB","Direito Administrativo","","onda 1 ou 2","sim","planejar importacao/conexao","Alta"
"storage/content/oab/30-exame/provas/caderno-de-provas-direito-constitucional-1j4lun.pdf","prova PDF","OAB","Direito Constitucional","","onda 1 ou 2","sim","planejar importacao/conexao","Alta"
"storage/content/oab/30-exame/provas/caderno-de-provas-direito-empresarial-g6wvnn.pdf","prova PDF","OAB","Direito Empresarial","","onda 1 ou 2","sim","planejar importacao/conexao","Alta"
"storage/content/oab/30-exame/provas/caderno-de-provas-direito-penal-1x1q9s.pdf","prova PDF","OAB","Direito Penal","","onda 1 ou 2","sim","planejar importacao/conexao","Alta"
"storage/content/oab/30-exame/provas/caderno-de-provas-direito-tributario-9axzpg.pdf","prova PDF","OAB","Direito Tributário","","onda 1 ou 2","sim","planejar importacao/conexao","Alta"
"storage/content/oab/30-exame/questoes/questoes-extraidas.json","banco de questões","OAB","Ética Profissional","30o Exame OAB - Questao 1","onda 1 ou 2","sim","planejar importacao/conexao","Alta"
"storage/content/oab/31-exame/provas/caderno-de-provas-direito-administrativo-1i6edv.pdf","prova PDF","OAB","Direito Administrativo","","onda 1 ou 2","sim","planejar importacao/conexao","Alta"
"storage/content/oab/31-exame/provas/caderno-de-provas-direito-constitucional-1ely8n.pdf","prova PDF","OAB","Direito Constitucional","","onda 1 ou 2","sim","planejar importacao/conexao","Alta"
"storage/content/oab/31-exame/provas/caderno-de-provas-direito-penal-cwo9j3.pdf","prova PDF","OAB","Direito Penal","","onda 1 ou 2","sim","planejar importacao/conexao","Alta"
"storage/content/oab/31-exame/provas/caderno-de-provas-direito-tributario-1f97vb.pdf","prova PDF","OAB","Direito Tributário","","onda 1 ou 2","sim","planejar importacao/conexao","Alta"
"storage/content/oab/31-exame/provas/caderno-de-provas-direitoempresarial-1prl0e.pdf","prova PDF","OAB","Direito Empresarial","","onda 1 ou 2","sim","planejar importacao/conexao","Alta"
"storage/content/oab/31-exame/questoes/questoes-extraidas.json","banco de questões","OAB","Ética Profissional","31o Exame OAB - Questao 1","onda 1 ou 2","sim","planejar importacao/conexao","Alta"
"storage/content/oab/32-exame/provas/caderno-de-provas-direito-administrativo-qp9rwz.pdf","prova PDF","OAB","Direito Administrativo","","onda 1 ou 2","sim","planejar importacao/conexao","Alta"
"storage/content/oab/32-exame/provas/caderno-de-provas-direito-constitucional-1lzpq9.pdf","prova PDF","OAB","Direito Constitucional","","onda 1 ou 2","sim","planejar importacao/conexao","Alta"
"storage/content/oab/32-exame/provas/caderno-de-provas-direito-empresarial-1sy2qx.pdf","prova PDF","OAB","Direito Empresarial","","onda 1 ou 2","sim","planejar importacao/conexao","Alta"
"storage/content/oab/32-exame/provas/caderno-de-provas-direito-penal-vv5nam.pdf","prova PDF","OAB","Direito Penal","","onda 1 ou 2","sim","planejar importacao/conexao","Alta"
"storage/content/oab/32-exame/provas/caderno-de-provas-direito-tributario-5du0fk.pdf","prova PDF","OAB","Direito Tributário","","onda 1 ou 2","sim","planejar importacao/conexao","Alta"
"storage/content/oab/32-exame/questoes/questoes-extraidas.json","banco de questões","OAB","Ética Profissional","32o Exame OAB - Questao 1","onda 1 ou 2","sim","planejar importacao/conexao","Alta"
"storage/content/oab/33-exame/provas/caderno-de-provas-direito-administrativo-16ekz3.pdf","prova PDF","OAB","Direito Administrativo","","onda 1 ou 2","sim","planejar importacao/conexao","Alta"
"storage/content/oab/33-exame/provas/caderno-de-provas-direito-constitucional-15tzce.pdf","prova PDF","OAB","Direito Constitucional","","onda 1 ou 2","sim","planejar importacao/conexao","Alta"
"storage/content/oab/33-exame/provas/caderno-de-provas-direito-empresarial-1kpmni.pdf","prova PDF","OAB","Direito Empresarial","","onda 1 ou 2","sim","planejar importacao/conexao","Alta"
"storage/content/oab/33-exame/provas/caderno-de-provas-direito-penal-1w28mp.pdf","prova PDF","OAB","Direito Penal","","onda 1 ou 2","sim","planejar importacao/conexao","Alta"
"storage/content/oab/33-exame/provas/caderno-de-provas-direito-tributario-i65xgw.pdf","prova PDF","OAB","Direito Tributário","","onda 1 ou 2","sim","planejar importacao/conexao","Alta"
"storage/content/oab/33-exame/questoes/questoes-extraidas.json","banco de questões","OAB","Ética Profissional","33o Exame OAB - Questao 1","onda 1 ou 2","sim","planejar importacao/conexao","Alta"
"storage/content/oab/34-exame/provas/caderno-de-provas-direito-administrativo-1atduw.pdf","prova PDF","OAB","Direito Administrativo","","onda 1 ou 2","sim","planejar importacao/conexao","Alta"
"storage/content/oab/34-exame/provas/caderno-de-provas-direito-constitucional-1w79jv.pdf","prova PDF","OAB","Direito Constitucional","","onda 1 ou 2","sim","planejar importacao/conexao","Alta"
"storage/content/oab/34-exame/provas/caderno-de-provas-direito-empresarial-jc6r5q.pdf","prova PDF","OAB","Direito Empresarial","","onda 1 ou 2","sim","planejar importacao/conexao","Alta"
"storage/content/oab/34-exame/provas/caderno-de-provas-direito-penal-vevdr9.pdf","prova PDF","OAB","Direito Penal","","onda 1 ou 2","sim","planejar importacao/conexao","Alta"
"storage/content/oab/34-exame/provas/caderno-de-provas-direito-tributario-19u313.pdf","prova PDF","OAB","Direito Tributário","","onda 1 ou 2","sim","planejar importacao/conexao","Alta"
"storage/content/oab/34-exame/questoes/questoes-extraidas.json","banco de questões","OAB","Ética Profissional","34o Exame OAB - Questao 1","onda 1 ou 2","sim","planejar importacao/conexao","Alta"
"storage/content/oab/35-exame/provas/caderno-de-provas-direito-administrativo-151bph.pdf","prova PDF","OAB","Direito Administrativo","","onda 1 ou 2","sim","planejar importacao/conexao","Alta"
"storage/content/oab/35-exame/provas/caderno-de-provas-direito-constitucional-ayslrl.pdf","prova PDF","OAB","Direito Constitucional","","onda 1 ou 2","sim","planejar importacao/conexao","Alta"
"storage/content/oab/35-exame/provas/caderno-de-provas-direito-empresarial-l5j3rs.pdf","prova PDF","OAB","Direito Empresarial","","onda 1 ou 2","sim","planejar importacao/conexao","Alta"
"storage/content/oab/35-exame/provas/caderno-de-provas-direito-penal-s9kvrg.pdf","prova PDF","OAB","Direito Penal","","onda 1 ou 2","sim","planejar importacao/conexao","Alta"
"storage/content/oab/35-exame/provas/caderno-de-provas-direito-tributario-1cx9t0.pdf","prova PDF","OAB","Direito Tributário","","onda 1 ou 2","sim","planejar importacao/conexao","Alta"
"storage/content/oab/35-exame/questoes/questoes-extraidas.json","banco de questões","OAB","Ética Profissional","35o Exame OAB - Questao 1","onda 1 ou 2","sim","planejar importacao/conexao","Alta"
"storage/content/oab/36-exame/provas/caderno-de-provas-direito-administrativo-bypn8y.pdf","prova PDF","OAB","Direito Administrativo","","onda 1 ou 2","sim","planejar importacao/conexao","Alta"
"storage/content/oab/36-exame/provas/caderno-de-provas-direito-constitucional-zagls9.pdf","prova PDF","OAB","Direito Constitucional","","onda 1 ou 2","sim","planejar importacao/conexao","Alta"
"storage/content/oab/36-exame/provas/caderno-de-provas-direito-empresarial-13e59d.pdf","prova PDF","OAB","Direito Empresarial","","onda 1 ou 2","sim","planejar importacao/conexao","Alta"
"storage/content/oab/36-exame/provas/caderno-de-provas-direito-penal-g0rvr8.pdf","prova PDF","OAB","Direito Penal","","onda 1 ou 2","sim","planejar importacao/conexao","Alta"
"storage/content/oab/36-exame/provas/caderno-de-provas-direito-trabalho-3l9xqq.pdf","prova PDF","OAB","Direito do Trabalho","","onda 1 ou 2","sim","planejar importacao/conexao","Alta"
"storage/content/oab/36-exame/provas/caderno-de-provas-direito-tributario-1wnl44.pdf","prova PDF","OAB","Direito Tributário","","onda 1 ou 2","sim","planejar importacao/conexao","Alta"
"storage/content/oab/36-exame/questoes/questoes-extraidas.json","banco de questões","OAB","Ética Profissional","36o Exame OAB - Questao 1","onda 1 ou 2","sim","planejar importacao/conexao","Alta"
"storage/content/oab/37-exame/provas/caderno-de-provas-direito-administrativo-1831hr.pdf","prova PDF","OAB","Direito Administrativo","","onda 1 ou 2","sim","planejar importacao/conexao","Alta"
"storage/content/oab/37-exame/provas/caderno-de-provas-direito-constitucional-kiul4n.pdf","prova PDF","OAB","Direito Constitucional","","onda 1 ou 2","sim","planejar importacao/conexao","Alta"
"storage/content/oab/37-exame/provas/caderno-de-provas-direito-empresarial-piv8cj.pdf","prova PDF","OAB","Direito Empresarial","","onda 1 ou 2","sim","planejar importacao/conexao","Alta"
"storage/content/oab/37-exame/provas/caderno-de-provas-direito-penal-g5hmqx.pdf","prova PDF","OAB","Direito Penal","","onda 1 ou 2","sim","planejar importacao/conexao","Alta"
"storage/content/oab/37-exame/provas/caderno-de-provas-direito-tributario-1tfph6.pdf","prova PDF","OAB","Direito Tributário","","onda 1 ou 2","sim","planejar importacao/conexao","Alta"
"storage/content/oab/37-exame/questoes/questoes-extraidas.json","banco de questões","OAB","Ética Profissional","37o Exame OAB - Questao 1","onda 1 ou 2","sim","planejar importacao/conexao","Alta"
"storage/content/oab/38-exame/provas/caderno-de-provas-direito-administrativo-1bumpr.pdf","prova PDF","OAB","Direito Administrativo","","onda 1 ou 2","sim","planejar importacao/conexao","Alta"
"storage/content/oab/38-exame/provas/caderno-de-provas-direito-constitucional-18w6wa.pdf","prova PDF","OAB","Direito Constitucional","","onda 1 ou 2","sim","planejar importacao/conexao","Alta"
"storage/content/oab/38-exame/provas/caderno-de-provas-direito-empresarial-fury8p.pdf","prova PDF","OAB","Direito Empresarial","","onda 1 ou 2","sim","planejar importacao/conexao","Alta"
"storage/content/oab/38-exame/provas/caderno-de-provas-direito-penal-1mu7gw.pdf","prova PDF","OAB","Direito Penal","","onda 1 ou 2","sim","planejar importacao/conexao","Alta"
"storage/content/oab/38-exame/provas/caderno-de-provas-direito-tributario-1cunam.pdf","prova PDF","OAB","Direito Tributário","","onda 1 ou 2","sim","planejar importacao/conexao","Alta"
"storage/content/oab/38-exame/questoes/questoes-extraidas.json","banco de questões","OAB","Ética Profissional","38o Exame OAB - Questao 1","onda 1 ou 2","sim","planejar importacao/conexao","Alta"
"storage/content/oab/39-exame/provas/caderno-de-provas-direito-administrativo-1djqac.pdf","prova PDF","OAB","Direito Administrativo","","onda 1 ou 2","sim","planejar importacao/conexao","Alta"
"storage/content/oab/39-exame/provas/caderno-de-provas-direito-constitucional-18zaa7.pdf","prova PDF","OAB","Direito Constitucional","","onda 1 ou 2","sim","planejar importacao/conexao","Alta"
"storage/content/oab/39-exame/provas/caderno-de-provas-direito-empresarial-i3q3x5.pdf","prova PDF","OAB","Direito Empresarial","","onda 1 ou 2","sim","planejar importacao/conexao","Alta"
"storage/content/oab/39-exame/provas/caderno-de-provas-direito-penal-cvz7rh.pdf","prova PDF","OAB","Direito Penal","","onda 1 ou 2","sim","planejar importacao/conexao","Alta"
"storage/content/oab/39-exame/provas/caderno-de-provas-direito-tributario-1nrwxp.pdf","prova PDF","OAB","Direito Tributário","","onda 1 ou 2","sim","planejar importacao/conexao","Alta"
"storage/content/oab/39-exame/questoes/questoes-extraidas.json","banco de questões","OAB","Ética Profissional","39o Exame OAB - Questao 1","onda 1 ou 2","sim","planejar importacao/conexao","Alta"
"storage/content/oab/40-exame/provas/caderno-de-provas-direito-administrativo-1375r6.pdf","prova PDF","OAB","Direito Administrativo","","onda 1 ou 2","sim","planejar importacao/conexao","Alta"
"storage/content/oab/40-exame/provas/caderno-de-provas-direito-constitucional-1dil97.pdf","prova PDF","OAB","Direito Constitucional","","onda 1 ou 2","sim","planejar importacao/conexao","Alta"
"storage/content/oab/40-exame/provas/caderno-de-provas-direito-empresarial-8dlhhq.pdf","prova PDF","OAB","Direito Empresarial","","onda 1 ou 2","sim","planejar importacao/conexao","Alta"
"storage/content/oab/40-exame/provas/caderno-de-provas-direito-penal-1eev3u.pdf","prova PDF","OAB","Direito Penal","","onda 1 ou 2","sim","planejar importacao/conexao","Alta"
"storage/content/oab/40-exame/provas/caderno-de-provas-direito-tributario-1std0g.pdf","prova PDF","OAB","Direito Tributário","","onda 1 ou 2","sim","planejar importacao/conexao","Alta"
"storage/content/oab/40-exame/questoes/questoes-extraidas.json","banco de questões","OAB","Ética Profissional","40o Exame OAB - Questao 1","onda 1 ou 2","sim","planejar importacao/conexao","Alta"
"storage/content/oab/41-exame/provas/caderno-de-provas-direito-administrativo-402my0.pdf","prova PDF","OAB","Direito Administrativo","","onda 1 ou 2","sim","planejar importacao/conexao","Alta"
"storage/content/oab/41-exame/provas/caderno-de-provas-direito-constitucional-qkez6x.pdf","prova PDF","OAB","Direito Constitucional","","onda 1 ou 2","sim","planejar importacao/conexao","Alta"
"storage/content/oab/41-exame/provas/caderno-de-provas-direito-empresarial-172s0s.pdf","prova PDF","OAB","Direito Empresarial","","onda 1 ou 2","sim","planejar importacao/conexao","Alta"
"storage/content/oab/41-exame/provas/caderno-de-provas-direito-penal-ksdt00.pdf","prova PDF","OAB","Direito Penal","","onda 1 ou 2","sim","planejar importacao/conexao","Alta"
"storage/content/oab/41-exame/provas/caderno-de-provas-direito-tributario-hm4xng.pdf","prova PDF","OAB","Direito Tributário","","onda 1 ou 2","sim","planejar importacao/conexao","Alta"
"storage/content/oab/41-exame/questoes/questoes-extraidas.json","banco de questões","OAB","Ética Profissional","41o Exame OAB - Questao 1","onda 1 ou 2","sim","planejar importacao/conexao","Alta"
"storage/content/oab/42-exame/provas/caderno-de-provas-direito-administrativo-157co2.pdf","prova PDF","OAB","Direito Administrativo","","onda 1 ou 2","sim","planejar importacao/conexao","Alta"
"storage/content/oab/42-exame/provas/caderno-de-provas-direito-constitucional-d1ziy9.pdf","prova PDF","OAB","Direito Constitucional","","onda 1 ou 2","sim","planejar importacao/conexao","Alta"
"storage/content/oab/42-exame/provas/caderno-de-provas-direito-empresarial-3gflxd.pdf","prova PDF","OAB","Direito Empresarial","","onda 1 ou 2","sim","planejar importacao/conexao","Alta"
"storage/content/oab/42-exame/provas/caderno-de-provas-direito-penal-1uveat.pdf","prova PDF","OAB","Direito Penal","","onda 1 ou 2","sim","planejar importacao/conexao","Alta"
"storage/content/oab/42-exame/provas/caderno-de-provas-direito-tributario-r6a39c.pdf","prova PDF","OAB","Direito Tributário","","onda 1 ou 2","sim","planejar importacao/conexao","Alta"
"storage/content/oab/42-exame/questoes/questoes-extraidas.json","banco de questões","OAB","Ética Profissional","42o Exame OAB - Questao 1","onda 1 ou 2","sim","planejar importacao/conexao","Alta"
"storage/content/oab/43-exame/provas/caderno-de-provas-direito-administrativo-gmo2xi.pdf","prova PDF","OAB","Direito Administrativo","","onda 1 ou 2","sim","planejar importacao/conexao","Alta"
"storage/content/oab/43-exame/provas/caderno-de-provas-direito-constitucional-1bglgz.pdf","prova PDF","OAB","Direito Constitucional","","onda 1 ou 2","sim","planejar importacao/conexao","Alta"
"storage/content/oab/43-exame/provas/caderno-de-provas-direito-empresarial-9o7pp5.pdf","prova PDF","OAB","Direito Empresarial","","onda 1 ou 2","sim","planejar importacao/conexao","Alta"
"storage/content/oab/43-exame/provas/caderno-de-provas-direito-penal-1791h6.pdf","prova PDF","OAB","Direito Penal","","onda 1 ou 2","sim","planejar importacao/conexao","Alta"
"storage/content/oab/43-exame/provas/caderno-de-provas-direito-tributario-vm5lsm.pdf","prova PDF","OAB","Direito Tributário","","onda 1 ou 2","sim","planejar importacao/conexao","Alta"
"storage/content/oab/43-exame/questoes/questoes-extraidas.json","banco de questões","OAB","Ética Profissional","43o Exame OAB - Questao 1","onda 1 ou 2","sim","planejar importacao/conexao","Alta"
"storage/content/oab/44-exame/provas/caderno-de-provas-direito-administrativo-7xzvov.pdf","prova PDF","OAB","Direito Administrativo","","onda 1 ou 2","sim","planejar importacao/conexao","Alta"
"storage/content/oab/44-exame/provas/caderno-de-provas-direito-constitucional-bmq3a.pdf","prova PDF","OAB","Direito Constitucional","","onda 1 ou 2","sim","planejar importacao/conexao","Alta"
"storage/content/oab/44-exame/provas/caderno-de-provas-direito-empresarial-1wr9ta.pdf","prova PDF","OAB","Direito Empresarial","","onda 1 ou 2","sim","planejar importacao/conexao","Alta"
"storage/content/oab/44-exame/provas/caderno-de-provas-direito-penal-1xaiqz.pdf","prova PDF","OAB","Direito Penal","","onda 1 ou 2","sim","planejar importacao/conexao","Alta"
"storage/content/oab/44-exame/provas/caderno-de-provas-direito-tributario-195his.pdf","prova PDF","OAB","Direito Tributário","","onda 1 ou 2","sim","planejar importacao/conexao","Alta"
"storage/content/oab/44-exame/questoes/questoes-extraidas.json","banco de questões","OAB","Ética Profissional","44o Exame OAB - Questao 1","onda 1 ou 2","sim","planejar importacao/conexao","Alta"
"storage/content/oab/45-exame/provas/caderno-de-provas-direito-administrativo-18f4gb.pdf","prova PDF","OAB","Direito Administrativo","","onda 1 ou 2","sim","planejar importacao/conexao","Alta"
"storage/content/oab/45-exame/provas/caderno-de-provas-direito-constitucional-jo56bf.pdf","prova PDF","OAB","Direito Constitucional","","onda 1 ou 2","sim","planejar importacao/conexao","Alta"
"storage/content/oab/45-exame/provas/caderno-de-provas-direito-empresarial-1nc4hy.pdf","prova PDF","OAB","Direito Empresarial","","onda 1 ou 2","sim","planejar importacao/conexao","Alta"
"storage/content/oab/45-exame/provas/caderno-de-provas-direito-penal-175dyx.pdf","prova PDF","OAB","Direito Penal","","onda 1 ou 2","sim","planejar importacao/conexao","Alta"
"storage/content/oab/45-exame/provas/caderno-de-provas-direito-tributario-11v67s.pdf","prova PDF","OAB","Direito Tributário","","onda 1 ou 2","sim","planejar importacao/conexao","Alta"
"storage/content/oab/45-exame/questoes/questoes-extraidas.json","banco de questões","OAB","Ética Profissional","45o Exame OAB - Questao 1","onda 1 ou 2","sim","planejar importacao/conexao","Alta"
"storage/content/oab/46-exame/questoes/questoes-extraidas.json","banco de questões","OAB","Ética Profissional","46o Exame OAB - Questao 1","onda 1 ou 2","sim","planejar importacao/conexao","Alta"
"storage/content/oab/7-exame/questoes/questoes-extraidas.json","banco de questões","OAB","Ética Profissional","7o Exame OAB - Questao 1","onda 1 ou 2","sim","planejar importacao/conexao","Alta"
"material-provas/fgv/provas PM/aluno_oficial_da_pm_discursivansd101_tipo_1.pdf","prova PDF","Polícia Militar","Redação","","onda 1 ou 2","sim","planejar importacao/conexao","Alta"
"material-provas/fgv/provas PM/aluno_soldado_da_pm_discursivanmd001_tipo_1.pdf","prova PDF","Polícia Militar","Redação","","onda 1 ou 2","sim","planejar importacao/conexao","Alta"
"material-provas/fgv/provas PM/ns002_-_delegado_de_policia_-_4a_classe_prova_discursivans002_tipo_1.pdf","prova PDF","Polícia Civil","Redação","","onda 1 ou 2","avaliar","planejar importacao/conexao","Alta"
"material-provas/fgv/provas PM/pcrn-delegado-de-policia-civil-substituto-deleg-02-tipo-1-discursiva.pdf","prova PDF","Polícia Civil","Redação","","onda 1 ou 2","avaliar","planejar importacao/conexao","Alta"
"material-provas/fgv/provas PM/pmerj-cfo-prova-discursiva.pdf","prova PDF","Polícia Militar","Redação","","onda 1 ou 2","sim","planejar importacao/conexao","Alta"
