"chaveLogica","provaPrincipal","gabaritos","variantes","questoesExtraidas","quarentena","acao"
"storage/content/militar/cbmal-soldado-combatente-2018-cebraspe/","storage/content/militar/cbmal-soldado-combatente-2018-cebraspe/provas/cbmal-soldado-combatente-2018-cebraspe-prova.pdf","1","","nao","nao","validar identificacao minima, banca, ano e vinculo gabarito/prova"
"storage/content/militar/cbmam-soldado-bombeiro-militar-2021-fgv/","storage/content/militar/cbmam-soldado-bombeiro-militar-2021-fgv/provas/cbmam-soldado-bombeiro-militar-2021-fgv-prova.pdf","1","","nao","nao","validar identificacao minima, banca, ano e vinculo gabarito/prova"
"storage/content/militar/pm-ba-soldado-2023-fcc/","storage/content/militar/pm-ba-soldado-2023-fcc/provas/pm-ba-soldado-2023-fcc-prova.pdf","1","","nao","nao","validar identificacao minima, banca, ano e vinculo gabarito/prova"
"storage/content/militar/pm-pb-soldado-pm-combatente-2023-ibfc/","storage/content/militar/pm-pb-soldado-pm-combatente-2023-ibfc/provas/pm-pb-soldado-pm-combatente-2023-ibfc-prova.pdf","1","","nao","nao","validar identificacao minima, banca, ano e vinculo gabarito/prova"
"storage/content/militar/pm-se-soldado-pm-3a-classe-combatente-2025-selecon/","storage/content/militar/pm-se-soldado-pm-3a-classe-combatente-2025-selecon/provas/pm-se-soldado-pm-3a-classe-combatente-2025-selecon-prova.pdf","1","","nao","nao","validar identificacao minima, banca, ano e vinculo gabarito/prova"
"storage/content/militar/pmal-soldado-combatente-2018-cebraspe/","storage/content/militar/pmal-soldado-combatente-2018-cebraspe/provas/pmal-soldado-combatente-2018-cebraspe-prova.pdf","1","","nao","nao","validar identificacao minima, banca, ano e vinculo gabarito/prova"
"storage/content/militar/pmma-soldado-do-quadro-de-praca-policial-2017-cebraspe/","storage/content/militar/pmma-soldado-do-quadro-de-praca-policial-2017-cebraspe/provas/pmma-soldado-do-quadro-de-praca-policial-2017-cebraspe-prova.pdf","1","","nao","nao","validar identificacao minima, banca, ano e vinculo gabarito/prova"
"storage/content/militar/pmpi-soldado-pm-2017-nucepe-uespi/","storage/content/militar/pmpi-soldado-pm-2017-nucepe-uespi/provas/pmpi-soldado-pm-2017-nucepe-uespi-prova.pdf","1","","nao","nao","validar identificacao minima, banca, ano e vinculo gabarito/prova"
"storage/content/militar/pmsp-cabo-pm-2022-fgv/","storage/content/militar/pmsp-cabo-pm-2022-fgv/provas/pmsp-cabo-pm-2022-fgv-prova.pdf","1","","nao","nao","validar identificacao minima, banca, ano e vinculo gabarito/prova"
"storage/content/militar/pmsp-soldado-2017-vunesp/","storage/content/militar/pmsp-soldado-2017-vunesp/provas/pmsp-soldado-2017-vunesp-prova.pdf","1","","nao","nao","validar identificacao minima, banca, ano e vinculo gabarito/prova"
"storage/content/militar/pmsp-soldado-2023-vunesp/","storage/content/militar/pmsp-soldado-2023-vunesp/provas/pmsp-soldado-2023-vunesp-prova.pdf","1","","nao","nao","validar identificacao minima, banca, ano e vinculo gabarito/prova"
"storage/content/militar/pmsp-soldado-2024-fgv/","storage/content/militar/pmsp-soldado-2024-fgv/provas/pmsp-soldado-2024-fgv-prova.pdf","1","","nao","nao","validar identificacao minima, banca, ano e vinculo gabarito/prova"
"storage/content/militar/pmsp-soldado-2025-fgv/","storage/content/militar/pmsp-soldado-2025-fgv/provas/pmsp-soldado-2025-fgv-prova.pdf","1","","nao","nao","validar identificacao minima, banca, ano e vinculo gabarito/prova"
"storage/content/militar/pmto-quadro-de-pracas-da-policia-militar-2025-fgv/","storage/content/militar/pmto-quadro-de-pracas-da-policia-militar-2025-fgv/provas/pmto-quadro-de-pracas-da-policia-militar-2025-fgv-prova.pdf","1","","nao","nao","validar identificacao minima, banca, ano e vinculo gabarito/prova"
"storage/content/oab/15-exame/","storage/content/oab/15-exame/provas/caderno-de-provas-direito-administrativo-19vvnu.pdf","0","","nao","sim","validar identificacao minima, banca, ano e vinculo gabarito/prova"
"storage/content/oab/16-exame/","storage/content/oab/16-exame/provas/caderno-de-prova-01-18yozo.pdf","2","","nao","nao","validar identificacao minima, banca, ano e vinculo gabarito/prova"
"storage/content/oab/17-exame/","storage/content/oab/17-exame/provas/caderno-de-prova-01-dnzoxi.pdf","2","","nao","nao","validar identificacao minima, banca, ano e vinculo gabarito/prova"
"storage/content/oab/18-exame/","storage/content/oab/18-exame/provas/caderno-de-prova-tipo-1-34r88r.pdf","1","1; 2; 3; 4","nao","nao","validar identificacao minima, banca, ano e vinculo gabarito/prova"
"storage/content/oab/19-exame/","storage/content/oab/19-exame/provas/caderno-de-prova-tipo-1-1hvk6o.pdf","1","1; 2; 3; 4","nao","nao","validar identificacao minima, banca, ano e vinculo gabarito/prova"
"storage/content/oab/20-exame/","storage/content/oab/20-exame/provas/caderno-de-prova-tipo-1-15xg3w.pdf","2","1; 2; 3; 4","nao","nao","validar identificacao minima, banca, ano e vinculo gabarito/prova"
"storage/content/oab/2010-2-exame/","storage/content/oab/2010-2-exame/provas/caderno-de-prova-01-1uw61u.pdf","4","","nao","nao","validar identificacao minima, banca, ano e vinculo gabarito/prova"
"storage/content/oab/21-exame/","storage/content/oab/21-exame/provas/caderno-de-prova-tipo-1-l5p1dl.pdf","1","1; 2; 3; 4","nao","nao","validar identificacao minima, banca, ano e vinculo gabarito/prova"
"storage/content/oab/22-exame/","storage/content/oab/22-exame/provas/caderno-de-prova-tipo-1-13b7mz.pdf","1","1; 2; 3; 4","nao","nao","validar identificacao minima, banca, ano e vinculo gabarito/prova"
"storage/content/oab/23-exame/","storage/content/oab/23-exame/provas/caderno-de-prova-tipo-1-1c1xvg.pdf","1","1; 2; 3; 4","nao","nao","validar identificacao minima, banca, ano e vinculo gabarito/prova"
"storage/content/oab/24-exame/","storage/content/oab/24-exame/provas/caderno-de-prova-tipo-1-49qjjq.pdf","1","1; 2; 3; 4","nao","nao","validar identificacao minima, banca, ano e vinculo gabarito/prova"
"storage/content/oab/25-exame/","storage/content/oab/25-exame/provas/caderno-de-prova-tipo-1-1tybaf.pdf","1","1; 2; 3; 4","nao","nao","validar identificacao minima, banca, ano e vinculo gabarito/prova"
"storage/content/oab/26-exame/","storage/content/oab/26-exame/provas/caderno-de-prova-tipo-1-8hrwbk.pdf","1","1; 2; 3; 4","nao","nao","validar identificacao minima, banca, ano e vinculo gabarito/prova"
"storage/content/oab/27-exame/","storage/content/oab/27-exame/provas/caderno-de-prova-tipo-1-n8lbvy.pdf","1","1; 2; 3; 4","nao","nao","validar identificacao minima, banca, ano e vinculo gabarito/prova"
"storage/content/oab/28-exame/","storage/content/oab/28-exame/provas/caderno-de-prova-tipo-1-5ejlci.pdf","1","1; 2; 3; 4","nao","nao","validar identificacao minima, banca, ano e vinculo gabarito/prova"
"storage/content/oab/29-exame/","storage/content/oab/29-exame/provas/caderno-de-prova-tipo-1-gajlkk.pdf","1","1; 2; 3; 4","nao","nao","validar identificacao minima, banca, ano e vinculo gabarito/prova"
"storage/content/oab/30-exame/","storage/content/oab/30-exame/provas/caderno-de-prova-tipo-1-1lsa72.pdf","1","1; 2; 3; 4","nao","nao","validar identificacao minima, banca, ano e vinculo gabarito/prova"
"storage/content/oab/31-exame/","storage/content/oab/31-exame/provas/caderno-de-prova-tipo-1-1ms0lm.pdf","1","1; 2; 3; 4","nao","nao","validar identificacao minima, banca, ano e vinculo gabarito/prova"
"storage/content/oab/32-exame/","storage/content/oab/32-exame/provas/caderno-de-prova-tipo-1-1myk9o.pdf","1","1; 2; 3; 4","nao","nao","validar identificacao minima, banca, ano e vinculo gabarito/prova"
"storage/content/oab/33-exame/","storage/content/oab/33-exame/provas/caderno-de-prova-tipo-1-18f7of.pdf","1","1; 2; 3; 4","nao","nao","validar identificacao minima, banca, ano e vinculo gabarito/prova"
"storage/content/oab/34-exame/","storage/content/oab/34-exame/provas/caderno-de-prova-tipo-1-1jguo5.pdf","1","1; 2; 3; 4","nao","nao","validar identificacao minima, banca, ano e vinculo gabarito/prova"
"storage/content/oab/35-exame/","storage/content/oab/35-exame/provas/caderno-de-prova-tipo-1-1rapti.pdf","2","1; 2; 3; 4","nao","nao","validar identificacao minima, banca, ano e vinculo gabarito/prova"
"storage/content/oab/36-exame/","storage/content/oab/36-exame/provas/caderno-de-prova-tipo-1-16vl03.pdf","2","1; 2; 3; 4","nao","nao","validar identificacao minima, banca, ano e vinculo gabarito/prova"
"storage/content/oab/37-exame/","storage/content/oab/37-exame/provas/caderno-de-prova-tipo-1-13eodq.pdf","2","1; 2; 3; 4","nao","nao","validar identificacao minima, banca, ano e vinculo gabarito/prova"
"storage/content/oab/38-exame/","storage/content/oab/38-exame/provas/caderno-de-prova-tipo-1-1nbviw.pdf","2","1; 2; 3; 4","nao","nao","validar identificacao minima, banca, ano e vinculo gabarito/prova"
"storage/content/oab/39-exame/","storage/content/oab/39-exame/provas/caderno-de-prova-tipo-1-1pymkz.pdf","2","1; 2; 3; 4","nao","nao","validar identificacao minima, banca, ano e vinculo gabarito/prova"
"storage/content/oab/40-exame/","storage/content/oab/40-exame/provas/caderno-de-prova-tipo-1-v2h0ss.pdf","2","1; 2; 3; 4","nao","nao","validar identificacao minima, banca, ano e vinculo gabarito/prova"
"storage/content/oab/41-exame/","storage/content/oab/41-exame/provas/caderno-de-prova-tipo-1-19epxk.pdf","2","1; 2; 3; 4","nao","nao","validar identificacao minima, banca, ano e vinculo gabarito/prova"
"storage/content/oab/42-exame/","storage/content/oab/42-exame/provas/caderno-de-prova-tipo-1-1l67c6.pdf","2","1; 2; 3; 4","nao","nao","validar identificacao minima, banca, ano e vinculo gabarito/prova"
"storage/content/oab/43-exame/","storage/content/oab/43-exame/provas/caderno-de-prova-tipo-1-wjxb32.pdf","2","1; 2; 3; 4","nao","nao","validar identificacao minima, banca, ano e vinculo gabarito/prova"
"storage/content/oab/44-exame/","storage/content/oab/44-exame/provas/caderno-de-prova-tipo-1-bmn0xq.pdf","2","1; 2; 3; 4","nao","nao","validar identificacao minima, banca, ano e vinculo gabarito/prova"
"storage/content/oab/45-exame/","storage/content/oab/45-exame/provas/caderno-de-prova-tipo-1-1e6sag.pdf","2","1; 2; 3; 4","nao","nao","validar identificacao minima, banca, ano e vinculo gabarito/prova"
"storage/content/oab/46-exame/","storage/content/oab/46-exame/provas/caderno-de-prova-tipo-1-1dfntz.pdf","2","1; 2; 3; 4","nao","nao","validar identificacao minima, banca, ano e vinculo gabarito/prova"
"storage/content/oab/7-exame/","storage/content/oab/7-exame/provas/caderno-de-prova-01-5noo95.pdf","1","","nao","nao","validar identificacao minima, banca, ano e vinculo gabarito/prova"
"material-","material-provas/fgv/provas PM/aluno_oficial_da_pmns101_tipo_1.pdf","15","1; 2; 3; 4","nao","nao","validar identificacao minima, banca, ano e vinculo gabarito/prova"
