"canonicalId","concursoEdicao","objetivo","instituicao","conteudos","confidence","requiresReview"
"contest:20-exame","20-exame","OAB","OAB/FGV","25","media","sim"
"contest:25-exame","25-exame","OAB","OAB/FGV","20","media","sim"
"contest:2010-2-exame","2010-2-exame","OAB","OAB/FGV","16","media","sim"
"contest:17-exame","17-exame","OAB","OAB/FGV","15","media","sim"
"contest:16-exame","16-exame","OAB","OAB/FGV","14","media","sim"
"contest:35-exame","35-exame","OAB","OAB/FGV","14","media","sim"
"contest:36-exame","36-exame","OAB","OAB/FGV","14","media","sim"
"contest:37-exame","37-exame","OAB","OAB/FGV","14","media","sim"
"contest:38-exame","38-exame","OAB","OAB/FGV","14","media","sim"
"contest:39-exame","39-exame","OAB","OAB/FGV","14","media","sim"
"contest:40-exame","40-exame","OAB","OAB/FGV","14","media","sim"
"contest:42-exame","42-exame","OAB","OAB/FGV","14","media","sim"
"contest:43-exame","43-exame","OAB","OAB/FGV","14","media","sim"
"contest:44-exame","44-exame","OAB","OAB/FGV","14","media","sim"
"contest:45-exame","45-exame","OAB","OAB/FGV","14","media","sim"
"contest:18-exame","18-exame","OAB","OAB/FGV","13","media","sim"
"contest:19-exame","19-exame","OAB","OAB/FGV","13","media","sim"
"contest:21-exame","21-exame","OAB","OAB/FGV","13","media","sim"
"contest:22-exame","22-exame","OAB","OAB/FGV","13","media","sim"
"contest:23-exame","23-exame","OAB","OAB/FGV","13","media","sim"
"contest:24-exame","24-exame","OAB","OAB/FGV","13","media","sim"
"contest:26-exame","26-exame","OAB","OAB/FGV","13","media","sim"
"contest:27-exame","27-exame","OAB","OAB/FGV","13","media","sim"
"contest:28-exame","28-exame","OAB","OAB/FGV","13","media","sim"
"contest:29-exame","29-exame","OAB","OAB/FGV","13","media","sim"
"contest:30-exame","30-exame","OAB","OAB/FGV","13","media","sim"
"contest:31-exame","31-exame","OAB","OAB/FGV","13","media","sim"
"contest:32-exame","32-exame","OAB","OAB/FGV","13","media","sim"
"contest:33-exame","33-exame","OAB","OAB/FGV","13","media","sim"
"contest:34-exame","34-exame","OAB","OAB/FGV","13","media","sim"
"contest:41-exame","41-exame","OAB","OAB/FGV","13","media","sim"
"contest:15-exame","15-exame","OAB","OAB/FGV","7","media","sim"
"contest:46-exame","46-exame","OAB","OAB/FGV","7","media","sim"
"contest:7-exame","7-exame","OAB","OAB/FGV","6","media","sim"
"contest:pm-pmce2021","PM pmce2021","Polícia Militar","PMCE","5","media","sim"
"contest:pm-pmerj2021","PM pmerj2021","Polícia Militar","PMERJ","5","media","sim"
"contest:cbmal-soldado-combatente-2018-cebraspe","cbmal-soldado-combatente-2018-cebraspe","Corpo de Bombeiros","CBMAL","3","media","sim"
"contest:cbmam-soldado-bombeiro-militar-2021-fgv","cbmam-soldado-bombeiro-militar-2021-fgv","Corpo de Bombeiros","CBMAM","3","media","sim"
"contest:cdc","cdc","","","3","media","sim"
"contest:cf88","cf88","","","3","media","sim"
"contest:clt","clt","","","3","media","sim"
"contest:codigo-civil","codigo-civil","","","3","media","sim"
"contest:codigo-etica-oab","codigo-etica-oab","OAB","OAB/FGV","3","media","sim"
"contest:codigo-penal","codigo-penal","","","3","media","sim"
"contest:cpc","cpc","","","3","media","sim"
"contest:cpp","cpp","","","3","media","sim"
"contest:ctn","ctn","","","3","media","sim"
"contest:estatuto-oab","estatuto-oab","OAB","OAB/FGV","3","media","sim"
"contest:pm-ba-soldado-2023-fcc","pm-ba-soldado-2023-fcc","Polícia Militar","","3","media","sim"
"contest:pm-pb-soldado-pm-combatente-2023-ibfc","pm-pb-soldado-pm-combatente-2023-ibfc","Polícia Militar","","3","media","sim"
"contest:pm-se-soldado-pm-3a-classe-combatente-2025-selecon","pm-se-soldado-pm-3a-classe-combatente-2025-selecon","Polícia Militar","","3","media","sim"
"contest:pmal-soldado-combatente-2018-cebraspe","pmal-soldado-combatente-2018-cebraspe","Polícia Militar","PMAL","3","media","sim"
"contest:pmma-soldado-do-quadro-de-praca-policial-2017-cebraspe","pmma-soldado-do-quadro-de-praca-policial-2017-cebraspe","Polícia Militar","PMMA","3","media","sim"
"contest:pmpi-soldado-pm-2017-nucepe-uespi","pmpi-soldado-pm-2017-nucepe-uespi","Polícia Militar","","3","media","sim"
"contest:pmsp-cabo-pm-2022-fgv","pmsp-cabo-pm-2022-fgv","Polícia Militar","PMSP","3","media","sim"
"contest:pmsp-soldado-2017-vunesp","pmsp-soldado-2017-vunesp","Polícia Militar","PMSP","3","media","sim"
"contest:pmsp-soldado-2023-vunesp","pmsp-soldado-2023-vunesp","Polícia Militar","PMSP","3","media","sim"
"contest:pmsp-soldado-2024-fgv","pmsp-soldado-2024-fgv","Polícia Militar","PMSP","3","media","sim"
"contest:pmsp-soldado-2025-fgv","pmsp-soldado-2025-fgv","Polícia Militar","PMSP","3","media","sim"
"contest:pmto-quadro-de-pracas-da-policia-militar-2025-fgv","pmto-quadro-de-pracas-da-policia-militar-2025-fgv","Polícia Militar","PMTO","3","media","sim"
"contest:regulamento-oab","regulamento-oab","OAB","OAB/FGV","3","media","sim"
"contest:pm-pcrj2021","PM pcrj2021","","","2","media","sim"
"contest:pmsp-cabo-pm-2022","PMSP Cabo PM 2022","Polícia Militar","PMSP","2","media","sim"
"contest:10-exame-de-ordem-unificado","10º Exame de Ordem Unificado","OAB","OAB/FGV","1","baixa","sim"
"contest:11-exame-de-ordem-unificado","11º Exame de Ordem Unificado","OAB","OAB/FGV","1","baixa","sim"
"contest:12-exame-de-ordem-unificado","12º Exame de Ordem Unificado","OAB","OAB/FGV","1","baixa","sim"
"contest:13-exame-de-ordem-unificado","13º Exame de Ordem Unificado","OAB","OAB/FGV","1","baixa","sim"
"contest:14-exame-de-ordem-unificado","14º Exame de Ordem Unificado","OAB","OAB/FGV","1","baixa","sim"
"contest:15-exame-de-ordem-unificado","15º Exame de Ordem Unificado","OAB","OAB/FGV","1","baixa","sim"
"contest:16-exame-de-ordem-unificado","16º Exame de Ordem Unificado","OAB","OAB/FGV","1","baixa","sim"
"contest:17-exame-de-ordem-unificado","17º Exame de Ordem Unificado","OAB","OAB/FGV","1","baixa","sim"
"contest:18-exame-de-ordem-unificado","18º Exame de Ordem Unificado","OAB","OAB/FGV","1","baixa","sim"
"contest:19-exame-de-ordem-unificado","19º Exame de Ordem Unificado","OAB","OAB/FGV","1","baixa","sim"
"contest:20-exame-de-ordem-unificado","20º Exame de Ordem Unificado","OAB","OAB/FGV","1","baixa","sim"
"contest:21-exame-de-ordem-unificado","21º Exame de Ordem Unificado","OAB","OAB/FGV","1","baixa","sim"
"contest:22-exame-de-ordem-unificado","22º Exame de Ordem Unificado","OAB","OAB/FGV","1","baixa","sim"
"contest:23-exame-de-ordem-unificado","23º Exame de Ordem Unificado","OAB","OAB/FGV","1","baixa","sim"
"contest:24-exame-de-ordem-unificado","24º Exame de Ordem Unificado","OAB","OAB/FGV","1","baixa","sim"
"contest:25-exame-de-ordem-unificado","25º Exame de Ordem Unificado","OAB","OAB/FGV","1","baixa","sim"
"contest:26-exame-de-ordem-unificado","26º Exame de Ordem Unificado","OAB","OAB/FGV","1","baixa","sim"
"contest:27-exame-de-ordem-unificado","27º Exame de Ordem Unificado","OAB","OAB/FGV","1","baixa","sim"
"contest:28-exame-de-ordem-unificado","28º Exame de Ordem Unificado","OAB","OAB/FGV","1","baixa","sim"
"contest:29-exame-de-ordem-unificado","29º Exame de Ordem Unificado","OAB","OAB/FGV","1","baixa","sim"
"contest:30-exame-de-ordem-unificado","30º Exame de Ordem Unificado","OAB","OAB/FGV","1","baixa","sim"
"contest:31-exame-de-ordem-unificado","31º Exame de Ordem Unificado","OAB","OAB/FGV","1","baixa","sim"
"contest:32-exame-de-ordem-unificado","32º Exame de Ordem Unificado","OAB","OAB/FGV","1","baixa","sim"
"contest:33-exame-de-ordem-unificado","33º Exame de Ordem Unificado","OAB","OAB/FGV","1","baixa","sim"
"contest:34-exame-de-ordem-unificado","34º Exame de Ordem Unificado","OAB","OAB/FGV","1","baixa","sim"
"contest:35-exame-de-ordem-unificado","35º Exame de Ordem Unificado","OAB","OAB/FGV","1","baixa","sim"
"contest:36-exame-de-ordem-unificado","36º Exame de Ordem Unificado","OAB","OAB/FGV","1","baixa","sim"
"contest:37-exame-de-ordem-unificado","37º Exame de Ordem Unificado","OAB","OAB/FGV","1","baixa","sim"
"contest:38-exame-de-ordem-unificado","38º Exame de Ordem Unificado","OAB","OAB/FGV","1","baixa","sim"
"contest:39-exame-de-ordem-unificado","39º Exame de Ordem Unificado","OAB","OAB/FGV","1","baixa","sim"
"contest:40-exame-de-ordem-unificado","40º Exame de Ordem Unificado","OAB","OAB/FGV","1","baixa","sim"
"contest:41-exame-de-ordem-unificado","41º Exame de Ordem Unificado","OAB","OAB/FGV","1","baixa","sim"
"contest:42-exame-de-ordem-unificado","42º Exame de Ordem Unificado","OAB","OAB/FGV","1","baixa","sim"
"contest:43-exame-de-ordem-unificado","43º Exame de Ordem Unificado","OAB","OAB/FGV","1","baixa","sim"
"contest:44-exame-de-ordem-unificado","44º Exame de Ordem Unificado","OAB","OAB/FGV","1","baixa","sim"
"contest:45-exame-de-ordem-unificado","45º Exame de Ordem Unificado","OAB","OAB/FGV","1","baixa","sim"
"contest:46-exame-de-ordem-unificado","46º Exame de Ordem Unificado","OAB","OAB/FGV","1","baixa","sim"
"contest:47-exame-de-ordem-unificado","47º Exame de Ordem Unificado","OAB","OAB/FGV","1","baixa","sim"
"contest:4-exame-de-ordem-unificado","4º Exame de Ordem Unificado","OAB","OAB/FGV","1","baixa","sim"
"contest:5-exame-de-ordem-unificado","5º Exame de Ordem Unificado","OAB","OAB/FGV","1","baixa","sim"
"contest:6-exame-de-ordem-unificado","6º Exame de Ordem Unificado","OAB","OAB/FGV","1","baixa","sim"
"contest:7-exame-de-ordem-unificado","7º Exame de Ordem Unificado","OAB","OAB/FGV","1","baixa","sim"
"contest:8-exame-de-ordem-unificado","8º Exame de Ordem Unificado","OAB","OAB/FGV","1","baixa","sim"
"contest:9-exame-de-ordem-unificado","9º Exame de Ordem Unificado","OAB","OAB/FGV","1","baixa","sim"
"contest:cbmal-soldado-combatente-2018","CBMAL Soldado Combatente 2018","Corpo de Bombeiros","CBMAL","1","baixa","sim"
"contest:cbmam-soldado-bombeiro-militar-2021","CBMAM Soldado Bombeiro Militar 2021","Corpo de Bombeiros","CBMAM","1","baixa","sim"
"contest:exame-de-ordem-unificado-2010-2","Exame de Ordem Unificado 2010.2","OAB","OAB/FGV","1","baixa","sim"
"contest:exame-de-ordem-unificado-2010-3","Exame de Ordem Unificado 2010.3","OAB","OAB/FGV","1","baixa","sim"
"contest:index-json","index.json","","","1","baixa","sim"
"contest:pcam-delegado-de-policia-4a-classe-2021","PCAM Delegado de Policia - 4a Classe 2021","Polícia Civil","","1","baixa","sim"
"contest:pcam-delegado-2021-fgv","pcam-delegado-2021-fgv","Polícia Civil","","1","baixa","sim"
"contest:pcrj-inspetor-de-policia-de-6a-classe-2021","PCRJ Inspetor de Policia de 6a Classe 2021","Polícia Civil","PCRJ","1","baixa","sim"
"contest:pcrj-investigador-policial-de-3a-classe-2021","PCRJ Investigador Policial de 3a Classe 2021","Polícia Civil","PCRJ","1","baixa","sim"
"contest:pcrj-inspetor-2021-fgv","pcrj-inspetor-2021-fgv","Polícia Civil","PCRJ","1","baixa","sim"
"contest:pcrj-investigador-2021-fgv","pcrj-investigador-2021-fgv","Polícia Civil","PCRJ","1","baixa","sim"
"contest:pcrn-delegado-de-policia-civil-substituto-2021","PCRN Delegado de Policia Civil Substituto 2021","Polícia Civil","PCRN","1","baixa","sim"
"contest:pcrn-delegado-2021-fgv","pcrn-delegado-2021-fgv","Polícia Civil","PCRN","1","baixa","sim"
"contest:pcsc-delegado-de-policia-substituto-2024","PCSC Delegado de Policia Substituto 2024","Polícia Civil","PCSC","1","baixa","sim"
"contest:pcsc-delegado-2024-fgv","pcsc-delegado-2024-fgv","Polícia Civil","PCSC","1","baixa","sim"
"contest:pm-pcam2021","PM pcam2021","","","1","baixa","sim"
"contest:pm-pcscdelegado2024","PM pcscdelegado2024","Polícia Civil","PCSC","1","baixa","sim"
"contest:pm-pmac2023","PM pmac2023","","","1","baixa","sim"
"contest:pm-pmam2021","PM pmam2021","","","1","baixa","sim"
"contest:pm-pmesp-sargento-2024","PM pmesp-sargento-2024","Polícia Militar","","1","baixa","sim"
"contest:pm-pmesp2022","PM pmesp2022","","","1","baixa","sim"
"contest:pm-pmespcabo2022","PM pmespcabo2022","","","1","baixa","sim"
"contest:pm-pmpb2021","PM pmpb2021","","","1","baixa","sim"
"contest:pm-ba-soldado-2023","PM-BA Soldado 2023","Polícia Militar","","1","baixa","sim"
"contest:pm-pb-soldado-pm-combatente-2023","PM-PB Soldado PM Combatente 2023","Polícia Militar","","1","baixa","sim"
"contest:pm-se-soldado-pm-3a-classe-combatente-2025","PM-SE Soldado PM - 3a Classe - Combatente 2025","Polícia Militar","","1","baixa","sim"
"contest:pmac-aluno-oficial-combatente-2023","PMAC Aluno Oficial Combatente 2023","Polícia Militar","","1","baixa","sim"
"contest:pmac-oficial-combatente-2023-fgv","pmac-oficial-combatente-2023-fgv","Polícia Militar","","1","baixa","sim"
"contest:pmal-soldado-combatente-2018","PMAL Soldado Combatente 2018","Polícia Militar","PMAL","1","baixa","sim"
"contest:pmam-aluno-oficial-pm-2021","PMAM Aluno Oficial PM 2021","Polícia Militar","","1","baixa","sim"
"contest:pmam-aluno-soldado-pm-2021","PMAM Aluno Soldado PM 2021","Polícia Militar","","1","baixa","sim"
"contest:pmam-oficial-2021-fgv","pmam-oficial-2021-fgv","Polícia Militar","","1","baixa","sim"
"contest:pmam-soldado-2021-fgv","pmam-soldado-2021-fgv","Polícia Militar","","1","baixa","sim"
"contest:pmce-soldado-policial-militar-2021","PMCE Soldado Policial Militar 2021","Polícia Militar","PMCE","1","baixa","sim"
"contest:pmce-soldado-2021-fgv","pmce-soldado-2021-fgv","Polícia Militar","PMCE","1","baixa","sim"
"contest:pmerj-oficial-da-pm-qopm-2021","PMERJ Oficial da PM (QOPM) 2021","Polícia Militar","PMERJ","1","baixa","sim"
"contest:pmerj-cfo-2021-fgv","pmerj-cfo-2021-fgv","Polícia Militar","PMERJ","1","baixa","sim"
"contest:pmesp-cabo-2022-fgv-local","pmesp-cabo-2022-fgv-local","Polícia Militar","PMSP","1","baixa","sim"
"contest:pmesp-sargento-2024-fgv","pmesp-sargento-2024-fgv","Polícia Militar","PMSP","1","baixa","sim"
"contest:pmma-soldado-do-quadro-de-praca-policial-2017","PMMA Soldado do Quadro de Praca Policial 2017","Polícia Militar","PMMA","1","baixa","sim"
"contest:pmpb-curso-de-formacao-de-oficiais-pm-2022","PMPB Curso de Formacao de Oficiais PM 2022","Polícia Militar","","1","baixa","sim"
"contest:pmpb-cfo-2022-fgv","pmpb-cfo-2022-fgv","Polícia Militar","","1","baixa","sim"
"contest:pmpi-soldado-pm-2017","PMPI Soldado PM 2017","Polícia Militar","","1","baixa","sim"
"contest:pmsp-sargento-pm-2024","PMSP Sargento PM 2024","Polícia Militar","PMSP","1","baixa","sim"
"contest:pmsp-soldado-pm-de-2a-classe-2017","PMSP Soldado PM de 2a Classe 2017","Polícia Militar","PMSP","1","baixa","sim"
"contest:pmsp-soldado-pm-de-2a-classe-2023","PMSP Soldado PM de 2a Classe 2023","Polícia Militar","PMSP","1","baixa","sim"
"contest:pmsp-soldado-pm-de-2a-classe-2024","PMSP Soldado PM de 2a Classe 2024","Polícia Militar","PMSP","1","baixa","sim"
"contest:pmsp-soldado-pm-de-2a-classe-2025","PMSP Soldado PM de 2a Classe 2025","Polícia Militar","PMSP","1","baixa","sim"
"contest:pmto-quadro-de-pracas-da-policia-militar-2025","PMTO Quadro de Pracas da Policia Militar 2025","Polícia Militar","PMTO","1","baixa","sim"
