"fonte","total","validos","unicos","duplicados","objetivo","disciplina","statusContrato","acao"
"src/data/apostilas/administracao-financeira-orcamentaria.js","60","0","33","0","","","nao oficial ate contrato definitivo","revalidar por contrato de questao valida"
"src/data/apostilas/administracao-publica-gestao-publica.js","60","0","33","0","","Direito Administrativo","nao oficial ate contrato definitivo","revalidar por contrato de questao valida"
"src/data/apostilas/arquivologia.js","60","0","33","0","","","nao oficial ate contrato definitivo","revalidar por contrato de questao valida"
"src/data/apostilas/atendimento-publico-qualidade-servico-publico.js","60","0","33","0","","","nao oficial ate contrato definitivo","revalidar por contrato de questao valida"
"src/data/apostilas/atualidades-avancada.js","130","20","94","0","","Atualidades","nao oficial ate contrato definitivo","revalidar por contrato de questao valida"
"src/data/apostilas/atualidades.js","70","20","70","0","","Atualidades","nao oficial ate contrato definitivo","revalidar por contrato de questao valida"
"src/data/apostilas/banco-repertorios-redacao.js","100","20","82","0","","Redação","nao oficial ate contrato definitivo","revalidar por contrato de questao valida"
"src/data/apostilas/banco-temas-redacao-policial.js","100","21","82","0","","Redação","nao oficial ate contrato definitivo","revalidar por contrato de questao valida"
"src/data/apostilas/biologia-enem.js","100","10","82","0","","Biologia","nao oficial ate contrato definitivo","revalidar por contrato de questao valida"
"src/data/apostilas/caderno-erros-inteligente.js","100","21","82","0","","","nao oficial ate contrato definitivo","revalidar por contrato de questao valida"
"src/data/apostilas/ciencias-humanas-simulados.js","100","10","82","0","","","nao oficial ate contrato definitivo","revalidar por contrato de questao valida"
"src/data/apostilas/ciencias-natureza-simulados.js","100","10","82","0","","","nao oficial ate contrato definitivo","revalidar por contrato de questao valida"
"src/data/apostilas/comentarios-questoes-ia.js","100","21","82","0","","","nao oficial ate contrato definitivo","revalidar por contrato de questao valida"
"src/data/apostilas/contabilidade-publica-basica.js","60","1","33","0","","","nao oficial ate contrato definitivo","revalidar por contrato de questao valida"
"src/data/apostilas/criminologia-seguranca-publica-avancada.js","80","30","71","0","","Criminologia e Segurança Pública","nao oficial ate contrato definitivo","revalidar por contrato de questao valida"
"src/data/apostilas/criminologia-simulados-comentados.js","70","1","43","0","","Criminologia e Segurança Pública","nao oficial ate contrato definitivo","revalidar por contrato de questao valida"
"src/data/apostilas/ctb-codigo-transito-brasileiro.js","50","0","50","0","","","nao oficial ate contrato definitivo","revalidar por contrato de questao valida"
"src/data/apostilas/ctb-simulados-comentados.js","70","0","43","0","","","nao oficial ate contrato definitivo","revalidar por contrato de questao valida"
"src/data/apostilas/direito-administrativo-avancado.js","130","20","94","0","","Direito Administrativo","nao oficial ate contrato definitivo","revalidar por contrato de questao valida"
"src/data/apostilas/direito-administrativo.js","70","20","70","0","","Direito Administrativo","nao oficial ate contrato definitivo","revalidar por contrato de questao valida"
"src/data/apostilas/direito-ambiental-avancado.js","130","30","112","0","","Direito Ambiental","nao oficial ate contrato definitivo","revalidar por contrato de questao valida"
"src/data/apostilas/direito-ambiental.js","60","20","60","0","","Direito Ambiental","nao oficial ate contrato definitivo","revalidar por contrato de questao valida"
"src/data/apostilas/direito-civil-avancado.js","130","30","112","0","","Direito Civil","nao oficial ate contrato definitivo","revalidar por contrato de questao valida"
"src/data/apostilas/direito-civil.js","70","20","70","0","","Direito Civil","nao oficial ate contrato definitivo","revalidar por contrato de questao valida"
"src/data/apostilas/direito-constitucional-avancado.js","130","20","94","0","","Direito Constitucional","nao oficial ate contrato definitivo","revalidar por contrato de questao valida"
"src/data/apostilas/direito-constitucional.js","70","20","70","0","","Direito Constitucional","nao oficial ate contrato definitivo","revalidar por contrato de questao valida"
"src/data/apostilas/direito-consumidor-avancado.js","130","30","112","0","","Direito do Consumidor","nao oficial ate contrato definitivo","revalidar por contrato de questao valida"
"src/data/apostilas/direito-consumidor.js","60","20","60","0","","Direito do Consumidor","nao oficial ate contrato definitivo","revalidar por contrato de questao valida"
"src/data/apostilas/direito-digital-lgpd-avancado.js","130","30","112","0","","Direito Digital/LGPD","nao oficial ate contrato definitivo","revalidar por contrato de questao valida"
"src/data/apostilas/direito-digital-lgpd-crimes-ciberneticos.js","60","20","51","0","","Direito Penal","nao oficial ate contrato definitivo","revalidar por contrato de questao valida"
"src/data/apostilas/direito-eleitoral-avancado.js","130","30","112","0","","Direito Eleitoral","nao oficial ate contrato definitivo","revalidar por contrato de questao valida"
"src/data/apostilas/direito-eleitoral.js","60","10","60","0","","Direito Eleitoral","nao oficial ate contrato definitivo","revalidar por contrato de questao valida"
"src/data/apostilas/direito-empresarial-avancado.js","130","30","112","0","","Direito Empresarial","nao oficial ate contrato definitivo","revalidar por contrato de questao valida"
"src/data/apostilas/direito-empresarial.js","60","20","60","0","","Direito Empresarial","nao oficial ate contrato definitivo","revalidar por contrato de questao valida"
"src/data/apostilas/direito-financeiro-avancado.js","130","30","112","0","","Direito Financeiro","nao oficial ate contrato definitivo","revalidar por contrato de questao valida"
"src/data/apostilas/direito-financeiro.js","60","20","60","0","","Direito Financeiro","nao oficial ate contrato definitivo","revalidar por contrato de questao valida"
"src/data/apostilas/direito-internacional-avancado.js","130","30","112","0","","Direito Internacional","nao oficial ate contrato definitivo","revalidar por contrato de questao valida"
"src/data/apostilas/direito-internacional.js","60","20","60","0","","Direito Internacional","nao oficial ate contrato definitivo","revalidar por contrato de questao valida"
"src/data/apostilas/direito-penal-militar-avancado.js","70","0","43","0","","Direito Penal Militar","nao oficial ate contrato definitivo","revalidar por contrato de questao valida"
"src/data/apostilas/direito-penal-militar.js","70","20","70","0","","Direito Penal Militar","nao oficial ate contrato definitivo","revalidar por contrato de questao valida"
"src/data/apostilas/direito-penal-parte-especial-avancado.js","70","0","43","0","","Direito Penal","nao oficial ate contrato definitivo","revalidar por contrato de questao valida"
"src/data/apostilas/direito-penal-parte-geral-avancado.js","130","21","94","0","","Direito Penal","nao oficial ate contrato definitivo","revalidar por contrato de questao valida"
"src/data/apostilas/direito-penal-parte-geral.js","70","20","70","0","","Direito Penal","nao oficial ate contrato definitivo","revalidar por contrato de questao valida"
"src/data/apostilas/direito-previdenciario-avancado.js","130","30","112","0","","Direito Previdenciário","nao oficial ate contrato definitivo","revalidar por contrato de questao valida"
"src/data/apostilas/direito-previdenciario.js","60","20","60","0","","Direito Previdenciário","nao oficial ate contrato definitivo","revalidar por contrato de questao valida"
"src/data/apostilas/direito-processual-civil-avancado.js","130","35","112","0","","Direito Processual Civil","nao oficial ate contrato definitivo","revalidar por contrato de questao valida"
"src/data/apostilas/direito-processual-civil.js","70","20","70","0","","Direito Processual Civil","nao oficial ate contrato definitivo","revalidar por contrato de questao valida"
"src/data/apostilas/direito-processual-penal-avancado.js","70","0","43","0","","Direito Processual Penal","nao oficial ate contrato definitivo","revalidar por contrato de questao valida"
"src/data/apostilas/direito-processual-penal-militar-avancado.js","70","0","43","0","","Direito Processual Penal Militar","nao oficial ate contrato definitivo","revalidar por contrato de questao valida"
"src/data/apostilas/direito-processual-penal-militar.js","70","20","70","0","","Direito Processual Penal Militar","nao oficial ate contrato definitivo","revalidar por contrato de questao valida"
"src/data/apostilas/direito-processual-penal.js","70","20","70","0","","Direito Processual Penal","nao oficial ate contrato definitivo","revalidar por contrato de questao valida"
"src/data/apostilas/direito-processual-trabalho-avancado.js","130","32","112","0","","","nao oficial ate contrato definitivo","revalidar por contrato de questao valida"
"src/data/apostilas/direito-processual-trabalho.js","70","20","70","0","","","nao oficial ate contrato definitivo","revalidar por contrato de questao valida"
"src/data/apostilas/direito-trabalho-avancado.js","130","30","112","0","","Direito do Trabalho","nao oficial ate contrato definitivo","revalidar por contrato de questao valida"
"src/data/apostilas/direito-trabalho.js","70","20","70","0","","Direito do Trabalho","nao oficial ate contrato definitivo","revalidar por contrato de questao valida"
"src/data/apostilas/direito-tributario-avancado.js","130","32","112","0","","Direito Tributário","nao oficial ate contrato definitivo","revalidar por contrato de questao valida"
"src/data/apostilas/direito-tributario.js","60","20","60","0","","Direito Tributário","nao oficial ate contrato definitivo","revalidar por contrato de questao valida"
"src/data/apostilas/direitos-humanos-atividade-policial-casos-praticos.js","70","0","43","0","","Direitos Humanos","nao oficial ate contrato definitivo","revalidar por contrato de questao valida"
"src/data/apostilas/direitos-humanos-avancado.js","130","20","94","0","","Direitos Humanos","nao oficial ate contrato definitivo","revalidar por contrato de questao valida"
"src/data/apostilas/direitos-humanos.js","70","20","70","0","","Direitos Humanos","nao oficial ate contrato definitivo","revalidar por contrato de questao valida"
"src/data/apostilas/eca-avancado.js","130","30","112","0","","","nao oficial ate contrato definitivo","revalidar por contrato de questao valida"
"src/data/apostilas/eca.js","60","20","60","0","","","nao oficial ate contrato definitivo","revalidar por contrato de questao valida"
"src/data/apostilas/etica-profissional-oab.js","60","20","60","0","","","nao oficial ate contrato definitivo","revalidar por contrato de questao valida"
"src/data/apostilas/etica.js","70","20","70","0","","","nao oficial ate contrato definitivo","revalidar por contrato de questao valida"
"src/data/apostilas/filosofia-direito.js","60","20","60","0","","Filosofia","nao oficial ate contrato definitivo","revalidar por contrato de questao valida"
"src/data/apostilas/filosofia-enem.js","100","10","82","0","","Filosofia","nao oficial ate contrato definitivo","revalidar por contrato de questao valida"
"src/data/apostilas/fisica-enem.js","100","10","82","0","","Física","nao oficial ate contrato definitivo","revalidar por contrato de questao valida"
"src/data/apostilas/flashcards-premium-disciplina.js","100","22","82","0","","","nao oficial ate contrato definitivo","revalidar por contrato de questao valida"
"src/data/apostilas/geografia-enem.js","100","10","82","0","","Geografia","nao oficial ate contrato definitivo","revalidar por contrato de questao valida"
"src/data/apostilas/gestao-pessoas-servico-publico.js","60","0","33","0","","","nao oficial ate contrato definitivo","revalidar por contrato de questao valida"
"src/data/apostilas/governanca-integridade-compliance-publico.js","60","0","33","0","","","nao oficial ate contrato definitivo","revalidar por contrato de questao valida"
"src/data/apostilas/guarda-municipal-base-de-estudos.js","70","0","43","0","","","nao oficial ate contrato definitivo","revalidar por contrato de questao valida"
"src/data/apostilas/historia-enem.js","100","10","82","0","","História","nao oficial ate contrato definitivo","revalidar por contrato de questao valida"
"src/data/apostilas/informatica-avancada.js","130","20","94","0","","Informática","nao oficial ate contrato definitivo","revalidar por contrato de questao valida"
"src/data/apostilas/informatica.js","70","20","70","0","","Informática","nao oficial ate contrato definitivo","revalidar por contrato de questao valida"
"src/data/apostilas/legislacao-institucional-pmma-avancada.js","44","0","44","0","","Legislação Institucional PMMA","nao oficial ate contrato definitivo","revalidar por contrato de questao valida"
"src/data/apostilas/legislacao-institucional-pmma-simulados-comentados.js","70","0","43","0","","Legislação Institucional PMMA","nao oficial ate contrato definitivo","revalidar por contrato de questao valida"
"src/data/apostilas/legislacao-institucional-pmma.js","70","20","70","0","","Legislação Institucional PMMA","nao oficial ate contrato definitivo","revalidar por contrato de questao valida"
"src/data/apostilas/legislacao-penal-especial-avancada.js","70","0","43","0","","Direito Penal","nao oficial ate contrato definitivo","revalidar por contrato de questao valida"
"src/data/apostilas/legislacao-penal-especial.js","70","20","70","0","","Direito Penal","nao oficial ate contrato definitivo","revalidar por contrato de questao valida"
"src/data/apostilas/legislacao-pmma-questoes-por-artigo.js","70","0","43","0","","Legislação Institucional PMMA","nao oficial ate contrato definitivo","revalidar por contrato de questao valida"
"src/data/apostilas/licitacoes-contratos-modulo-exclusivo.js","60","0","33","0","","Direito Administrativo","nao oficial ate contrato definitivo","revalidar por contrato de questao valida"
"src/data/apostilas/linguagens-enem.js","100","10","82","0","","","nao oficial ate contrato definitivo","revalidar por contrato de questao valida"
"src/data/apostilas/mapas-mentais-textuais-disciplina.js","100","20","82","0","","","nao oficial ate contrato definitivo","revalidar por contrato de questao valida"
"src/data/apostilas/matematica-basica.js","70","20","70","0","","Raciocínio Lógico-Matemático","nao oficial ate contrato definitivo","revalidar por contrato de questao valida"
"src/data/apostilas/matematica-enem.js","100","11","82","0","","Raciocínio Lógico-Matemático","nao oficial ate contrato definitivo","revalidar por contrato de questao valida"
"src/data/apostilas/matematica-raciocinio-logico-avancado.js","130","24","94","0","","Raciocínio Lógico-Matemático","nao oficial ate contrato definitivo","revalidar por contrato de questao valida"
"src/data/apostilas/oab-1fase-direito-administrativo.js","80","20","62","0","","Direito Administrativo","nao oficial ate contrato definitivo","revalidar por contrato de questao valida"
"src/data/apostilas/oab-1fase-direito-civil.js","80","20","62","0","","Direito Civil","nao oficial ate contrato definitivo","revalidar por contrato de questao valida"
"src/data/apostilas/oab-1fase-direito-constitucional.js","80","20","62","0","","Direito Constitucional","nao oficial ate contrato definitivo","revalidar por contrato de questao valida"
"src/data/apostilas/oab-1fase-direito-penal.js","80","20","62","0","","Direito Penal","nao oficial ate contrato definitivo","revalidar por contrato de questao valida"
"src/data/apostilas/oab-1fase-etica-comentada.js","80","20","62","0","","","nao oficial ate contrato definitivo","revalidar por contrato de questao valida"
"src/data/apostilas/oab-1fase-processo-civil.js","80","20","62","0","","Direito Processual Civil","nao oficial ate contrato definitivo","revalidar por contrato de questao valida"
"src/data/apostilas/oab-1fase-processo-penal.js","80","20","62","0","","Direito Processual Penal","nao oficial ate contrato definitivo","revalidar por contrato de questao valida"
"src/data/apostilas/oab-1fase-simulado-completo.js","80","20","62","0","","","nao oficial ate contrato definitivo","revalidar por contrato de questao valida"
"src/data/apostilas/oab-1fase-trabalho-processo-trabalho.js","80","20","62","0","","","nao oficial ate contrato definitivo","revalidar por contrato de questao valida"
"src/data/apostilas/oab-2fase-espelhos-correcao.js","80","20","62","0","","","nao oficial ate contrato definitivo","revalidar por contrato de questao valida"
"src/data/apostilas/oab-2fase-pecas-praticas.js","80","22","62","0","","","nao oficial ate contrato definitivo","revalidar por contrato de questao valida"
"src/data/apostilas/oab-2fase-treino-discursivas.js","80","20","62","0","","Redação","nao oficial ate contrato definitivo","revalidar por contrato de questao valida"
"src/data/apostilas/ordem-publica-defesa-social-seguranca-cidada.js","70","0","43","0","","","nao oficial ate contrato definitivo","revalidar por contrato de questao valida"
"src/data/apostilas/organizacao-judiciaria.js","60","0","33","0","","","nao oficial ate contrato definitivo","revalidar por contrato de questao valida"
"src/data/apostilas/plano-estudo-por-objetivo.js","100","21","82","0","","","nao oficial ate contrato definitivo","revalidar por contrato de questao valida"
"src/data/apostilas/pmma-caderno-de-erros-inteligente.js","70","1","43","0","","Legislação Institucional PMMA","nao oficial ate contrato definitivo","revalidar por contrato de questao valida"
"src/data/apostilas/pmma-revisao-de-vespera.js","70","2","43","0","","Legislação Institucional PMMA","nao oficial ate contrato definitivo","revalidar por contrato de questao valida"
"src/data/apostilas/pmma-simulado-final-completo.js","70","1","43","0","","Legislação Institucional PMMA","nao oficial ate contrato definitivo","revalidar por contrato de questao valida"
"src/data/apostilas/policia-comunitaria-mediacao-conflitos.js","70","0","43","0","","Criminologia e Segurança Pública","nao oficial ate contrato definitivo","revalidar por contrato de questao valida"
"src/data/apostilas/policia-penal-base-de-estudos.js","70","0","43","0","","Direito Penal","nao oficial ate contrato definitivo","revalidar por contrato de questao valida"
"src/data/apostilas/portugues-avancado.js","130","23","94","0","","Língua Portuguesa","nao oficial ate contrato definitivo","revalidar por contrato de questao valida"
"src/data/apostilas/portugues-pmma-interpretacao.js","70","20","70","0","","Legislação Institucional PMMA","nao oficial ate contrato definitivo","revalidar por contrato de questao valida"
"src/data/apostilas/portugues-pmma-ortografia-morfologia.js","70","20","70","0","","Legislação Institucional PMMA","nao oficial ate contrato definitivo","revalidar por contrato de questao valida"
"src/data/apostilas/portugues-pmma-sintaxe.js","70","20","70","0","","Legislação Institucional PMMA","nao oficial ate contrato definitivo","revalidar por contrato de questao valida"
"src/data/apostilas/prf-base-de-estudos.js","70","0","43","0","","","nao oficial ate contrato definitivo","revalidar por contrato de questao valida"
"src/data/apostilas/quimica-enem.js","100","11","82","0","","Química","nao oficial ate contrato definitivo","revalidar por contrato de questao valida"
"src/data/apostilas/raciocinio-logico.js","70","20","70","0","","Raciocínio Lógico-Matemático","nao oficial ate contrato definitivo","revalidar por contrato de questao valida"
"src/data/apostilas/redacao-concursos-policiais.js","130","20","94","0","","Redação","nao oficial ate contrato definitivo","revalidar por contrato de questao valida"
"src/data/apostilas/redacao-enem.js","100","11","82","0","","Redação","nao oficial ate contrato definitivo","revalidar por contrato de questao valida"
"src/data/apostilas/redacao.js","70","20","70","0","","Redação","nao oficial ate contrato definitivo","revalidar por contrato de questao valida"
"src/data/apostilas/regimentos-internos-tribunais.js","60","0","33","0","","","nao oficial ate contrato definitivo","revalidar por contrato de questao valida"
"src/data/apostilas/revisao-24h-prova.js","100","21","82","0","","","nao oficial ate contrato definitivo","revalidar por contrato de questao valida"
"src/data/apostilas/revisao-7-dias-prova.js","100","21","82","0","","","nao oficial ate contrato definitivo","revalidar por contrato de questao valida"
"src/data/apostilas/revisao-enem-vespera.js","100","10","82","0","","","nao oficial ate contrato definitivo","revalidar por contrato de questao valida"
"src/data/apostilas/seguranca-publica-avancada-simulados.js","70","1","43","0","","","nao oficial ate contrato definitivo","revalidar por contrato de questao valida"
"src/data/apostilas/simulados-por-banca.js","100","20","82","0","","","nao oficial ate contrato definitivo","revalidar por contrato de questao valida"
"src/data/apostilas/simulados-por-concurso.js","100","20","82","0","","","nao oficial ate contrato definitivo","revalidar por contrato de questao valida"
"src/data/apostilas/simulados-por-nivel.js","100","22","82","0","","","nao oficial ate contrato definitivo","revalidar por contrato de questao valida"
"src/data/apostilas/sociologia-enem.js","100","10","82","0","","Sociologia","nao oficial ate contrato definitivo","revalidar por contrato de questao valida"
"src/data/apostilas/taf.js","70","20","70","0","","","nao oficial ate contrato definitivo","revalidar por contrato de questao valida"
"src/data/apostilas/uso-diferenciado-da-forca-atuacao-policial.js","70","0","43","0","","","nao oficial ate contrato definitivo","revalidar por contrato de questao valida"
"src/data/mockQuestoes.js","30","30","30","0","","Direito Constitucional","nao oficial ate contrato definitivo","revalidar por contrato de questao valida"
"src/data/mockSimulados.js","36","36","12","24","","Direito Constitucional","nao oficial ate contrato definitivo","revalidar por contrato de questao valida"
"storage/content/concursos-militares/pci/test-preview.json","2","2","2","0","","Raciocínio Lógico-Matemático","nao oficial ate contrato definitivo","revalidar por contrato de questao valida"
"storage/content/fgv-local/fgv-local-report.json","3","3","3","0","","Direito Administrativo","nao oficial ate contrato definitivo","revalidar por contrato de questao valida"
"storage/content/oab/42-exame/questoes/questoes-extraidas.json","80","80","80","0","","Ética Profissional","nao oficial ate contrato definitivo","revalidar por contrato de questao valida"
"storage/content/oab/45-exame/questoes/questoes-extraidas.json","10","10","10","0","","Ética Profissional","nao oficial ate contrato definitivo","revalidar por contrato de questao valida"
