"fonte","formato","total","validos","unicos","duplicados","objetivo","disciplina","acao"
"src/data/apostilas/administracao-financeira-orcamentaria.js","","70","70","61","9","","","deduplicar por politica, sem exclusao automatica"
"src/data/apostilas/administracao-publica-gestao-publica.js","","70","70","61","9","","Direito Administrativo","deduplicar por politica, sem exclusao automatica"
"src/data/apostilas/arquivologia.js","","70","70","61","9","","","deduplicar por politica, sem exclusao automatica"
"src/data/apostilas/atendimento-publico-qualidade-servico-publico.js","","70","70","61","9","","","deduplicar por politica, sem exclusao automatica"
"src/data/apostilas/atualidades-avancada.js","","70","70","70","0","","Atualidades","deduplicar por politica, sem exclusao automatica"
"src/data/apostilas/atualidades.js","","40","30","40","0","","Atualidades","deduplicar por politica, sem exclusao automatica"
"src/data/apostilas/banco-repertorios-redacao.js","","70","70","70","0","","Redação","deduplicar por politica, sem exclusao automatica"
"src/data/apostilas/banco-temas-redacao-policial.js","","70","70","70","0","","Redação","deduplicar por politica, sem exclusao automatica"
"src/data/apostilas/biologia-enem.js","","70","70","70","0","","Biologia","deduplicar por politica, sem exclusao automatica"
"src/data/apostilas/caderno-erros-inteligente.js","","70","70","70","0","","","deduplicar por politica, sem exclusao automatica"
"src/data/apostilas/ciencias-humanas-simulados.js","","70","70","70","0","","","deduplicar por politica, sem exclusao automatica"
"src/data/apostilas/ciencias-natureza-simulados.js","","70","70","70","0","","","deduplicar por politica, sem exclusao automatica"
"src/data/apostilas/comentarios-questoes-ia.js","","70","70","70","0","","","deduplicar por politica, sem exclusao automatica"
"src/data/apostilas/contabilidade-publica-basica.js","","70","70","61","9","","","deduplicar por politica, sem exclusao automatica"
"src/data/apostilas/criminologia-seguranca-publica-avancada.js","","50","40","50","0","","Criminologia e Segurança Pública","deduplicar por politica, sem exclusao automatica"
"src/data/apostilas/criminologia-simulados-comentados.js","","70","70","61","9","","Criminologia e Segurança Pública","deduplicar por politica, sem exclusao automatica"
"src/data/apostilas/ctb-codigo-transito-brasileiro.js","","50","40","50","0","","","deduplicar por politica, sem exclusao automatica"
"src/data/apostilas/ctb-simulados-comentados.js","","70","70","61","9","","","deduplicar por politica, sem exclusao automatica"
"src/data/apostilas/direito-administrativo-avancado.js","","70","70","70","0","","Direito Administrativo","deduplicar por politica, sem exclusao automatica"
"src/data/apostilas/direito-administrativo.js","","40","30","40","0","","Direito Administrativo","deduplicar por politica, sem exclusao automatica"
"src/data/apostilas/direito-ambiental-avancado.js","","70","70","70","0","","Direito Ambiental","deduplicar por politica, sem exclusao automatica"
"src/data/apostilas/direito-ambiental.js","","40","30","31","0","","Direito Ambiental","deduplicar por politica, sem exclusao automatica"
"src/data/apostilas/direito-civil-avancado.js","","70","70","70","0","","Direito Civil","deduplicar por politica, sem exclusao automatica"
"src/data/apostilas/direito-civil.js","","40","30","40","0","","Direito Civil","deduplicar por politica, sem exclusao automatica"
"src/data/apostilas/direito-constitucional-avancado.js","","70","70","70","0","","Direito Constitucional","deduplicar por politica, sem exclusao automatica"
"src/data/apostilas/direito-constitucional.js","","40","30","40","0","","Direito Constitucional","deduplicar por politica, sem exclusao automatica"
"src/data/apostilas/direito-consumidor-avancado.js","","70","70","70","0","","Direito do Consumidor","deduplicar por politica, sem exclusao automatica"
"src/data/apostilas/direito-consumidor.js","","40","30","40","0","","Direito do Consumidor","deduplicar por politica, sem exclusao automatica"
"src/data/apostilas/direito-digital-lgpd-avancado.js","","70","70","70","0","","Direito Digital/LGPD","deduplicar por politica, sem exclusao automatica"
"src/data/apostilas/direito-digital-lgpd-crimes-ciberneticos.js","","40","30","40","0","","Direito Penal","deduplicar por politica, sem exclusao automatica"
"src/data/apostilas/direito-eleitoral-avancado.js","","70","70","70","0","","Direito Eleitoral","deduplicar por politica, sem exclusao automatica"
"src/data/apostilas/direito-eleitoral.js","","40","30","40","0","","Direito Eleitoral","deduplicar por politica, sem exclusao automatica"
"src/data/apostilas/direito-empresarial-avancado.js","","70","70","70","0","","Direito Empresarial","deduplicar por politica, sem exclusao automatica"
"src/data/apostilas/direito-empresarial.js","","40","30","40","0","","Direito Empresarial","deduplicar por politica, sem exclusao automatica"
"src/data/apostilas/direito-financeiro-avancado.js","","70","70","70","0","","Direito Financeiro","deduplicar por politica, sem exclusao automatica"
"src/data/apostilas/direito-financeiro.js","","40","30","40","0","","Direito Financeiro","deduplicar por politica, sem exclusao automatica"
"src/data/apostilas/direito-internacional-avancado.js","","70","70","70","0","","Direito Internacional","deduplicar por politica, sem exclusao automatica"
"src/data/apostilas/direito-internacional.js","","40","30","40","0","","Direito Internacional","deduplicar por politica, sem exclusao automatica"
"src/data/apostilas/direito-penal-militar-avancado.js","","70","70","43","27","","Direito Penal Militar","deduplicar por politica, sem exclusao automatica"
"src/data/apostilas/direito-penal-militar.js","","40","30","40","0","","Direito Penal Militar","deduplicar por politica, sem exclusao automatica"
"src/data/apostilas/direito-penal-parte-especial-avancado.js","","70","70","43","27","","Direito Penal","deduplicar por politica, sem exclusao automatica"
"src/data/apostilas/direito-penal-parte-geral-avancado.js","","70","70","70","0","","Direito Penal","deduplicar por politica, sem exclusao automatica"
"src/data/apostilas/direito-penal-parte-geral.js","","40","30","40","0","","Direito Penal","deduplicar por politica, sem exclusao automatica"
"src/data/apostilas/direito-previdenciario-avancado.js","","70","70","70","0","","Direito Previdenciário","deduplicar por politica, sem exclusao automatica"
"src/data/apostilas/direito-previdenciario.js","","40","30","40","0","","Direito Previdenciário","deduplicar por politica, sem exclusao automatica"
"src/data/apostilas/direito-processual-civil-avancado.js","","70","70","70","0","","Direito Processual Civil","deduplicar por politica, sem exclusao automatica"
"src/data/apostilas/direito-processual-civil.js","","40","30","40","0","","Direito Processual Civil","deduplicar por politica, sem exclusao automatica"
"src/data/apostilas/direito-processual-penal-avancado.js","","70","70","43","27","","Direito Processual Penal","deduplicar por politica, sem exclusao automatica"
"src/data/apostilas/direito-processual-penal-militar-avancado.js","","70","70","43","27","","Direito Processual Penal Militar","deduplicar por politica, sem exclusao automatica"
"src/data/apostilas/direito-processual-penal-militar.js","","40","30","40","0","","Direito Processual Penal Militar","deduplicar por politica, sem exclusao automatica"
"src/data/apostilas/direito-processual-penal.js","","40","30","40","0","","Direito Processual Penal","deduplicar por politica, sem exclusao automatica"
"src/data/apostilas/direito-processual-trabalho-avancado.js","","70","70","70","0","","","deduplicar por politica, sem exclusao automatica"
"src/data/apostilas/direito-processual-trabalho.js","","40","30","40","0","","","deduplicar por politica, sem exclusao automatica"
"src/data/apostilas/direito-trabalho-avancado.js","","70","70","70","0","","Direito do Trabalho","deduplicar por politica, sem exclusao automatica"
"src/data/apostilas/direito-trabalho.js","","40","30","40","0","","Direito do Trabalho","deduplicar por politica, sem exclusao automatica"
"src/data/apostilas/direito-tributario-avancado.js","","70","70","70","0","","Direito Tributário","deduplicar por politica, sem exclusao automatica"
"src/data/apostilas/direito-tributario.js","","40","30","40","0","","Direito Tributário","deduplicar por politica, sem exclusao automatica"
"src/data/apostilas/direitos-humanos-atividade-policial-casos-praticos.js","","70","70","61","9","","Direitos Humanos","deduplicar por politica, sem exclusao automatica"
"src/data/apostilas/direitos-humanos-avancado.js","","70","70","70","0","","Direitos Humanos","deduplicar por politica, sem exclusao automatica"
"src/data/apostilas/direitos-humanos.js","","40","30","40","0","","Direitos Humanos","deduplicar por politica, sem exclusao automatica"
"src/data/apostilas/eca-avancado.js","","70","70","70","0","","","deduplicar por politica, sem exclusao automatica"
"src/data/apostilas/eca.js","","40","30","40","0","","","deduplicar por politica, sem exclusao automatica"
"src/data/apostilas/etica-profissional-oab.js","","40","30","40","0","","","deduplicar por politica, sem exclusao automatica"
"src/data/apostilas/etica.js","","40","30","40","0","","","deduplicar por politica, sem exclusao automatica"
"src/data/apostilas/filosofia-direito.js","","40","30","40","0","","Filosofia","deduplicar por politica, sem exclusao automatica"
"src/data/apostilas/filosofia-enem.js","","70","70","70","0","","Filosofia","deduplicar por politica, sem exclusao automatica"
"src/data/apostilas/fisica-enem.js","","70","70","70","0","","Física","deduplicar por politica, sem exclusao automatica"
"src/data/apostilas/flashcards-premium-disciplina.js","","70","70","70","0","","","deduplicar por politica, sem exclusao automatica"
"src/data/apostilas/geografia-enem.js","","70","70","70","0","","Geografia","deduplicar por politica, sem exclusao automatica"
"src/data/apostilas/gestao-pessoas-servico-publico.js","","70","70","61","9","","","deduplicar por politica, sem exclusao automatica"
"src/data/apostilas/governanca-integridade-compliance-publico.js","","70","70","61","9","","","deduplicar por politica, sem exclusao automatica"
"src/data/apostilas/guarda-municipal-base-de-estudos.js","","70","70","61","9","","","deduplicar por politica, sem exclusao automatica"
"src/data/apostilas/historia-enem.js","","70","70","70","0","","História","deduplicar por politica, sem exclusao automatica"
"src/data/apostilas/informatica-avancada.js","","70","70","70","0","","Informática","deduplicar por politica, sem exclusao automatica"
"src/data/apostilas/informatica.js","","40","30","40","0","","Informática","deduplicar por politica, sem exclusao automatica"
"src/data/apostilas/legislacao-institucional-pmma-avancada.js","","55","44","55","0","","Legislação Institucional PMMA","deduplicar por politica, sem exclusao automatica"
"src/data/apostilas/legislacao-institucional-pmma-simulados-comentados.js","","70","70","43","27","","Legislação Institucional PMMA","deduplicar por politica, sem exclusao automatica"
"src/data/apostilas/legislacao-institucional-pmma.js","","40","30","40","0","","Legislação Institucional PMMA","deduplicar por politica, sem exclusao automatica"
"src/data/apostilas/legislacao-penal-especial-avancada.js","","70","70","43","27","","Direito Penal","deduplicar por politica, sem exclusao automatica"
"src/data/apostilas/legislacao-penal-especial.js","","40","30","40","0","","Direito Penal","deduplicar por politica, sem exclusao automatica"
"src/data/apostilas/legislacao-pmma-questoes-por-artigo.js","","70","70","61","9","","Legislação Institucional PMMA","deduplicar por politica, sem exclusao automatica"
"src/data/apostilas/licitacoes-contratos-modulo-exclusivo.js","","70","70","61","9","","Direito Administrativo","deduplicar por politica, sem exclusao automatica"
"src/data/apostilas/linguagens-enem.js","","70","70","70","0","","","deduplicar por politica, sem exclusao automatica"
"src/data/apostilas/mapas-mentais-textuais-disciplina.js","","70","70","70","0","","","deduplicar por politica, sem exclusao automatica"
"src/data/apostilas/matematica-basica.js","","40","30","40","0","","Raciocínio Lógico-Matemático","deduplicar por politica, sem exclusao automatica"
"src/data/apostilas/matematica-enem.js","","70","70","70","0","","Raciocínio Lógico-Matemático","deduplicar por politica, sem exclusao automatica"
"src/data/apostilas/matematica-raciocinio-logico-avancado.js","","70","70","70","0","","Raciocínio Lógico-Matemático","deduplicar por politica, sem exclusao automatica"
"src/data/apostilas/oab-1fase-direito-administrativo.js","","70","70","61","9","","Direito Administrativo","deduplicar por politica, sem exclusao automatica"
"src/data/apostilas/oab-1fase-direito-civil.js","","70","70","61","9","","Direito Civil","deduplicar por politica, sem exclusao automatica"
"src/data/apostilas/oab-1fase-direito-constitucional.js","","70","70","61","9","","Direito Constitucional","deduplicar por politica, sem exclusao automatica"
"src/data/apostilas/oab-1fase-direito-penal.js","","70","70","61","9","","Direito Penal","deduplicar por politica, sem exclusao automatica"
"src/data/apostilas/oab-1fase-etica-comentada.js","","70","70","61","9","","","deduplicar por politica, sem exclusao automatica"
"src/data/apostilas/oab-1fase-processo-civil.js","","70","70","61","9","","Direito Processual Civil","deduplicar por politica, sem exclusao automatica"
"src/data/apostilas/oab-1fase-processo-penal.js","","70","70","61","9","","Direito Processual Penal","deduplicar por politica, sem exclusao automatica"
"src/data/apostilas/oab-1fase-simulado-completo.js","","70","70","61","9","","","deduplicar por politica, sem exclusao automatica"
"src/data/apostilas/oab-1fase-trabalho-processo-trabalho.js","","70","70","61","9","","","deduplicar por politica, sem exclusao automatica"
"src/data/apostilas/oab-2fase-espelhos-correcao.js","","70","70","61","9","","","deduplicar por politica, sem exclusao automatica"
"src/data/apostilas/oab-2fase-pecas-praticas.js","","70","70","61","9","","","deduplicar por politica, sem exclusao automatica"
"src/data/apostilas/oab-2fase-treino-discursivas.js","","70","70","61","9","","Redação","deduplicar por politica, sem exclusao automatica"
"src/data/apostilas/ordem-publica-defesa-social-seguranca-cidada.js","","70","70","43","27","","","deduplicar por politica, sem exclusao automatica"
"src/data/apostilas/organizacao-judiciaria.js","","70","70","61","9","","","deduplicar por politica, sem exclusao automatica"
"src/data/apostilas/plano-estudo-por-objetivo.js","","70","70","70","0","","","deduplicar por politica, sem exclusao automatica"
"src/data/apostilas/pmma-caderno-de-erros-inteligente.js","","70","70","61","9","","Legislação Institucional PMMA","deduplicar por politica, sem exclusao automatica"
"src/data/apostilas/pmma-revisao-de-vespera.js","","70","70","61","9","","Legislação Institucional PMMA","deduplicar por politica, sem exclusao automatica"
"src/data/apostilas/pmma-simulado-final-completo.js","","70","70","61","9","","Legislação Institucional PMMA","deduplicar por politica, sem exclusao automatica"
"src/data/apostilas/policia-comunitaria-mediacao-conflitos.js","","70","70","43","27","","Criminologia e Segurança Pública","deduplicar por politica, sem exclusao automatica"
"src/data/apostilas/policia-penal-base-de-estudos.js","","70","70","61","9","","Direito Penal","deduplicar por politica, sem exclusao automatica"
"src/data/apostilas/portugues-avancado.js","","70","70","70","0","","Língua Portuguesa","deduplicar por politica, sem exclusao automatica"
"src/data/apostilas/portugues-pmma-interpretacao.js","","40","30","40","0","","Legislação Institucional PMMA","deduplicar por politica, sem exclusao automatica"
"src/data/apostilas/portugues-pmma-ortografia-morfologia.js","","40","30","40","0","","Legislação Institucional PMMA","deduplicar por politica, sem exclusao automatica"
"src/data/apostilas/portugues-pmma-sintaxe.js","","40","30","40","0","","Legislação Institucional PMMA","deduplicar por politica, sem exclusao automatica"
"src/data/apostilas/prf-base-de-estudos.js","","70","70","61","9","","","deduplicar por politica, sem exclusao automatica"
"src/data/apostilas/quimica-enem.js","","70","70","70","0","","Química","deduplicar por politica, sem exclusao automatica"
"src/data/apostilas/raciocinio-logico.js","","40","30","40","0","","Raciocínio Lógico-Matemático","deduplicar por politica, sem exclusao automatica"
"src/data/apostilas/redacao-concursos-policiais.js","","70","70","70","0","","Redação","deduplicar por politica, sem exclusao automatica"
"src/data/apostilas/redacao-enem.js","","70","70","70","0","","Redação","deduplicar por politica, sem exclusao automatica"
"src/data/apostilas/redacao.js","","40","30","40","0","","Redação","deduplicar por politica, sem exclusao automatica"
"src/data/apostilas/regimentos-internos-tribunais.js","","70","70","61","9","","","deduplicar por politica, sem exclusao automatica"
"src/data/apostilas/revisao-24h-prova.js","","70","70","70","0","","","deduplicar por politica, sem exclusao automatica"
"src/data/apostilas/revisao-7-dias-prova.js","","70","70","70","0","","","deduplicar por politica, sem exclusao automatica"
"src/data/apostilas/revisao-enem-vespera.js","","70","70","70","0","","","deduplicar por politica, sem exclusao automatica"
"src/data/apostilas/seguranca-publica-avancada-simulados.js","","70","70","61","9","","","deduplicar por politica, sem exclusao automatica"
"src/data/apostilas/simulados-por-banca.js","","70","70","70","0","","","deduplicar por politica, sem exclusao automatica"
"src/data/apostilas/simulados-por-concurso.js","","70","70","70","0","","","deduplicar por politica, sem exclusao automatica"
"src/data/apostilas/simulados-por-nivel.js","","70","70","70","0","","","deduplicar por politica, sem exclusao automatica"
"src/data/apostilas/sociologia-enem.js","","70","70","70","0","","Sociologia","deduplicar por politica, sem exclusao automatica"
"src/data/apostilas/taf.js","","40","30","40","0","","","deduplicar por politica, sem exclusao automatica"
"src/data/apostilas/uso-diferenciado-da-forca-atuacao-policial.js","","70","70","43","27","","","deduplicar por politica, sem exclusao automatica"
"src/data/mockFlashcards.js","","40","40","40","0","","","deduplicar por politica, sem exclusao automatica"
"flashcards-apkg/amostra-combo-pf-prf.apkg","","700","700","700","0","","","deduplicar por politica, sem exclusao automatica"
"flashcards-apkg/amostra-detran-df.apkg","","473","473","473","0","","","deduplicar por politica, sem exclusao automatica"
"flashcards-apkg/amostra-gmf.apkg","","354","354","354","0","","","deduplicar por politica, sem exclusao automatica"
"flashcards-apkg/amostra-pcal.apkg","","439","439","439","0","","","deduplicar por politica, sem exclusao automatica"
"flashcards-apkg/amostra-pcba.apkg","","438","438","437","1","","","deduplicar por politica, sem exclusao automatica"
"flashcards-apkg/amostra-pcce.apkg","","494","494","494","0","","","deduplicar por politica, sem exclusao automatica"
"flashcards-apkg/amostra-pcdf-agente-custodia.apkg","","342","342","342","0","","","deduplicar por politica, sem exclusao automatica"
"flashcards-apkg/amostra-pcgo.apkg","","453","446","453","0","","","deduplicar por politica, sem exclusao automatica"
"flashcards-apkg/amostra-pcmg.apkg","","472","465","472","0","","","deduplicar por politica, sem exclusao automatica"
"flashcards-apkg/amostra-pcpi.apkg","","403","403","403","0","","","deduplicar por politica, sem exclusao automatica"
"flashcards-apkg/amostra-pcsp.apkg","","364","320","364","0","","","deduplicar por politica, sem exclusao automatica"
"flashcards-apkg/amostra-pf.apkg","","559","559","559","0","","","deduplicar por politica, sem exclusao automatica"
"flashcards-apkg/amostra-pmal.apkg","","483","483","483","0","","","deduplicar por politica, sem exclusao automatica"
"flashcards-apkg/amostra-pmba.apkg","","327","327","327","0","","","deduplicar por politica, sem exclusao automatica"
"flashcards-apkg/amostra-pmce.apkg","","368","368","368","0","","","deduplicar por politica, sem exclusao automatica"
"flashcards-apkg/amostra-pmdf.apkg","","329","329","329","0","","","deduplicar por politica, sem exclusao automatica"
"flashcards-apkg/amostra-pmerj.apkg","","275","275","275","0","","","deduplicar por politica, sem exclusao automatica"
"flashcards-apkg/amostra-pmes.apkg","","203","203","203","0","","","deduplicar por politica, sem exclusao automatica"
"flashcards-apkg/amostra-pmmg-cfo.apkg","","679","672","679","0","","","deduplicar por politica, sem exclusao automatica"
"flashcards-apkg/amostra-pmmg.apkg","","279","272","279","0","","","deduplicar por politica, sem exclusao automatica"
"flashcards-apkg/amostra-pmpe.apkg","","235","235","235","0","","","deduplicar por politica, sem exclusao automatica"
"flashcards-apkg/amostra-pmrn.apkg","","262","262","262","0","","","deduplicar por politica, sem exclusao automatica"
"flashcards-apkg/amostra-ppba.apkg","","369","362","369","0","","","deduplicar por politica, sem exclusao automatica"
"flashcards-apkg/amostra-ppce.apkg","","429","422","429","0","","","deduplicar por politica, sem exclusao automatica"
"flashcards-apkg/amostra-ppgo.apkg","","406","406","406","0","","","deduplicar por politica, sem exclusao automatica"
"flashcards-apkg/amostra-ppmg.apkg","","321","317","321","0","","","deduplicar por politica, sem exclusao automatica"
"flashcards-apkg/amostra-pppi.apkg","","407","407","407","0","","","deduplicar por politica, sem exclusao automatica"
"flashcards-apkg/amostra-prf.apkg","","544","537","544","0","","","deduplicar por politica, sem exclusao automatica"
